Price,SquareFootage,BackyardSpace,CrimeRate,Fireplace,Garage,Fireplace_Present,Garage_Present,constant
103375.7614,645.52,102.29,29.06,No,No,0,0,1
316030.1699,1420.92,457.31,10.64,Yes,Yes,1,1,1
333690.06,1717.65,431.28,0.06,Yes,No,1,0,1
122305.3568,706.56,647.51,4.16,Yes,No,1,0,1
351798.8598,1038.32,28.15,32.96,No,Yes,0,1,1
676922.4903,1701.95,508.18,25.54,No,No,0,0,1
277316.3525,1276.24,359.12,32.61,No,Yes,0,1,1
188922.9338,1117.43,546.97,32.53,No,No,0,0,1
191607.2181,550.0,678.54,11.66,No,No,0,0,1
180729.6457,714.11,461.22,63.03,No,Yes,0,1,1
111788.6598,739.26,373.41,20.04,No,No,0,0,1
198941.9264,550.0,599.79,21.65,No,Yes,0,1,1
239464.1044,733.87,578.69,61.01,No,No,0,0,1
222228.9304,920.51,582.43,49.18,Yes,Yes,1,1,1
252241.3202,550.0,1114.88,28.43,No,No,0,0,1
155707.1319,550.0,421.49,25.07,No,No,0,0,1
160019.0332,721.17,209.36,73.48,No,No,0,0,1
421588.8578,663.23,133.15,0.32,No,No,0,0,1
152376.5716,701.73,722.35,51.91,No,No,0,0,1
210733.5129,1099.16,1041.06,30.78,Yes,Yes,1,1,1
105041.6445,920.23,628.62,56.68,Yes,Yes,1,1,1
216972.8449,1131.43,227.45,44.31,No,Yes,0,1,1
385041.5546,957.8,531.17,6.13,Yes,No,1,0,1
424385.0666,1834.27,442.13,5.16,No,Yes,0,1,1
335869.6815,1737.13,506.46,18.63,No,Yes,0,1,1
430556.8472,1092.09,211.16,42.45,No,No,0,0,1
153297.265,1037.35,934.92,48.03,Yes,No,1,0,1
312456.8833,709.99,990.54,34.29,No,No,0,0,1
506890.4558,1923.32,664.17,13.18,No,No,0,0,1
390605.9215,699.29,319.61,41.17,No,No,0,0,1
430310.8257,896.81,501.62,50.41,No,Yes,0,1,1
769797.5161,1550.36,5.86,38.6,Yes,No,1,0,1
256978.3221,680.49,500.52,35.27,Yes,No,1,0,1
205562.6791,747.49,1166.44,26.54,No,No,0,0,1
318949.998,988.48,597.16,1.22,Yes,No,1,0,1
167546.7668,826.35,667.2,13.62,No,No,0,0,1
274558.259,1309.65,779.06,32.23,No,No,0,0,1
122660.0682,756.5,94.81,24.76,Yes,No,1,0,1
654180.6485,1460.44,169.38,35.64,Yes,No,1,0,1
121486.5873,956.19,620.13,6.59,No,No,0,0,1
279893.0825,564.94,805.94,26.65,No,No,0,0,1
410816.4987,1877.32,419.72,33.74,No,No,0,0,1
490495.3436,780.23,47.61,48.52,No,No,0,0,1
399436.5842,934.62,474.59,20.06,Yes,No,1,0,1
206029.5987,1004.05,412.04,16.66,No,No,0,0,1
222198.5451,550.0,1125.79,41.79,No,Yes,0,1,1
273015.0238,1354.92,809.67,22.32,No,No,0,0,1
248308.2316,1151.07,496.72,41.12,No,No,0,0,1
353108.2819,1104.28,247.27,8.22,No,Yes,0,1,1
353173.3423,1331.78,90.87,25.41,Yes,Yes,1,1,1
244280.9675,1253.07,719.02,17.68,Yes,No,1,0,1
191113.1065,670.27,774.41,46.63,No,Yes,0,1,1
277617.8096,1029.17,1066.64,26.44,No,No,0,0,1
521223.2561,1747.75,651.49,20.41,No,Yes,0,1,1
103947.6295,550.0,245.38,12.0,No,Yes,0,1,1
171418.0448,1272.98,439.48,44.4,No,No,0,0,1
275311.908,1608.98,922.9,18.83,No,No,0,0,1
333708.0442,627.24,76.12,12.23,Yes,Yes,1,1,1
306202.9736,550.0,510.2,59.26,Yes,No,1,0,1
180247.7314,1614.37,483.68,70.17,No,No,0,0,1
397236.8931,1368.21,64.97,49.94,No,Yes,0,1,1
160304.1753,748.56,861.18,46.92,Yes,No,1,0,1
682875.7818,1940.29,795.7,61.26,No,No,0,0,1
393215.7564,550.0,311.49,6.83,No,No,0,0,1
166673.7965,925.34,789.6,42.58,No,No,0,0,1
630994.2869,1654.51,607.02,45.26,Yes,No,1,0,1
360053.6851,1002.14,230.87,0.78,No,No,0,0,1
478799.9918,1040.5,398.24,21.78,No,Yes,0,1,1
230289.9546,1539.74,595.27,20.27,Yes,No,1,0,1
307315.345,1666.63,381.49,7.24,No,No,0,0,1
528618.8707,1112.56,915.48,47.96,No,Yes,0,1,1
98378.32224,844.84,285.84,19.26,Yes,Yes,1,1,1
692732.5812,1615.39,457.9,49.62,No,Yes,0,1,1
422653.6677,1883.99,562.14,36.72,Yes,Yes,1,1,1
606809.1906,1789.18,1146.37,23.52,No,Yes,0,1,1
257544.0629,576.07,450.58,17.39,No,Yes,0,1,1
334199.9353,1289.46,667.17,41.11,No,Yes,0,1,1
284255.1623,1046.87,296.7,16.2,No,Yes,0,1,1
108250.9154,678.79,371.5,12.69,No,No,0,0,1
138047.5627,679.42,622.02,11.39,Yes,No,1,0,1
234564.8609,934.7,490.73,29.8,Yes,No,1,0,1
252944.9569,589.22,452.4,43.84,No,No,0,0,1
170641.265,1578.36,25.03,68.22,Yes,No,1,0,1
455997.1118,1348.73,261.46,40.51,No,No,0,0,1
779931.8759,2246.07,479.74,0.41,No,No,0,0,1
211883.045,1067.3,665.83,11.73,No,No,0,0,1
370207.3866,1543.39,520.44,13.03,No,Yes,0,1,1
235334.2782,550.0,535.29,2.7,No,No,0,0,1
207397.7233,550.0,290.65,27.16,No,Yes,0,1,1
633005.2522,636.25,571.31,30.16,No,Yes,0,1,1
646806.3598,1797.71,517.93,40.12,No,No,0,0,1
220143.6872,1335.59,566.17,36.23,Yes,No,1,0,1
224349.0624,1258.66,1174.25,62.53,No,No,0,0,1
137212.5389,550.0,524.74,22.17,No,No,0,0,1
254020.7906,550.0,948.0,16.52,No,No,0,0,1
216351.837,630.03,404.23,69.15,No,Yes,0,1,1
247083.9187,1722.21,397.88,47.86,Yes,No,1,0,1
109758.7827,550.0,490.07,5.95,No,Yes,0,1,1
146397.9284,603.44,669.58,32.85,No,Yes,0,1,1
173722.5743,550.0,989.47,57.18,No,Yes,0,1,1
204115.2013,879.8,429.24,44.64,No,Yes,0,1,1
260976.6665,550.0,362.83,7.87,Yes,No,1,0,1
395125.7018,1230.69,311.8,43.25,No,Yes,0,1,1
497692.5176,2137.72,274.36,11.07,No,Yes,0,1,1
535835.6644,1057.2,156.59,4.54,Yes,Yes,1,1,1
226768.2603,913.16,371.9,73.02,Yes,No,1,0,1
310305.5598,957.72,722.53,29.57,No,Yes,0,1,1
276203.9201,1066.25,993.82,47.32,Yes,No,1,0,1
331247.0143,1441.86,864.27,40.12,Yes,No,1,0,1
374402.1233,1048.33,9.61,58.99,No,No,0,0,1
259757.602,1316.69,765.96,36.08,No,No,0,0,1
118735.8676,637.96,9.81,19.21,No,No,0,0,1
280920.0402,1368.39,418.29,36.67,No,No,0,0,1
202463.8609,1001.67,631.95,32.39,No,Yes,0,1,1
543193.7648,1812.59,641.93,52.88,No,No,0,0,1
410357.2197,939.55,468.79,16.84,No,Yes,0,1,1
173809.6441,1125.06,156.55,30.84,No,No,0,0,1
217171.6912,1269.84,509.97,25.79,No,No,0,0,1
389877.9007,1247.08,570.02,22.63,Yes,No,1,0,1
208419.3752,916.2,324.58,2.78,No,No,0,0,1
370495.3218,1375.84,419.82,26.18,No,Yes,0,1,1
103212.0744,550.0,458.89,49.0,No,No,0,0,1
127574.0886,732.92,53.89,39.45,No,No,0,0,1
166450.4353,975.15,1133.12,10.18,No,Yes,0,1,1
309631.4746,1868.73,455.84,51.17,No,No,0,0,1
196204.535,909.16,841.63,14.46,No,No,0,0,1
249538.9243,979.58,305.22,18.19,No,Yes,0,1,1
799996.2481,1931.09,1132.38,8.75,No,No,0,0,1
544763.5776,1769.01,388.99,12.43,No,Yes,0,1,1
312296.6703,936.96,273.26,64.24,No,No,0,0,1
164903.4879,873.02,32.49,6.9,No,No,0,0,1
182897.1964,937.32,237.97,5.04,Yes,No,1,0,1
375795.8439,891.62,453.52,55.85,Yes,No,1,0,1
150830.2384,550.0,492.41,8.63,Yes,Yes,1,1,1
98879.35132,550.0,264.21,41.57,Yes,No,1,0,1
304631.685,696.5,681.04,32.57,No,No,0,0,1
225726.3565,550.0,1043.79,46.13,Yes,Yes,1,1,1
155684.9643,550.0,760.75,42.44,No,No,0,0,1
299223.8467,1457.95,354.82,43.05,No,No,0,0,1
415007.0335,696.81,743.16,54.19,Yes,No,1,0,1
142240.2358,1041.16,433.62,67.75,No,Yes,0,1,1
374959.758,1655.1,648.73,8.28,No,Yes,0,1,1
229519.262,1509.02,197.52,15.76,No,Yes,0,1,1
255087.7075,561.16,497.27,35.22,No,Yes,0,1,1
379489.2465,1331.4,554.89,8.65,Yes,No,1,0,1
216757.3556,1404.98,354.11,12.46,Yes,Yes,1,1,1
160474.9654,550.0,527.12,22.66,No,Yes,0,1,1
253375.0876,869.01,352.77,28.99,No,No,0,0,1
254400.6244,765.65,670.46,12.9,No,Yes,0,1,1
120748.6048,1099.81,460.05,74.47,No,Yes,0,1,1
210881.4665,1481.33,373.24,21.49,No,No,0,0,1
308427.1324,550.0,1387.95,31.81,No,Yes,0,1,1
655324.1759,1356.47,748.5,32.25,No,No,0,0,1
969059.6957,1259.29,502.8,29.5,No,No,0,0,1
461748.4582,1173.15,425.96,34.46,Yes,Yes,1,1,1
233971.9901,550.0,499.04,68.61,No,Yes,0,1,1
748256.0279,1842.17,630.94,56.05,No,No,0,0,1
227469.3042,1301.32,701.13,3.54,Yes,Yes,1,1,1
319230.5488,1010.17,362.01,59.67,No,No,0,0,1
136281.9799,1167.09,498.37,35.05,No,No,0,0,1
362981.6337,550.0,510.13,36.6,No,No,0,0,1
284596.5952,1219.82,534.57,21.92,No,No,0,0,1
241041.2506,1154.99,519.21,21.72,No,No,0,0,1
149161.886,925.54,300.08,36.94,No,No,0,0,1
276656.5065,1995.41,43.38,73.03,No,No,0,0,1
410697.6667,939.61,419.2,10.14,No,No,0,0,1
353477.4283,1655.56,928.97,28.7,No,No,0,0,1
356183.7097,1653.71,293.07,23.44,No,No,0,0,1
798826.0426,2069.92,346.49,23.31,No,No,0,0,1
222852.3977,550.0,190.53,67.53,No,No,0,0,1
249815.1871,1592.1,134.74,55.69,No,No,0,0,1
166987.0495,1177.13,282.06,59.04,No,Yes,0,1,1
145718.0224,550.0,859.66,53.61,No,No,0,0,1
217954.655,550.0,86.82,14.42,Yes,No,1,0,1
442071.1893,1952.56,541.56,24.88,Yes,Yes,1,1,1
319396.2929,974.62,96.39,0.56,Yes,Yes,1,1,1
404764.9182,1442.25,564.09,10.33,Yes,No,1,0,1
720948.6752,2170.86,929.36,0.92,No,No,0,0,1
151561.3852,700.38,563.56,28.13,No,Yes,0,1,1
129968.5095,943.64,464.64,0.66,Yes,No,1,0,1
280525.7092,955.04,832.77,33.79,No,No,0,0,1
358729.7227,736.19,293.57,40.65,No,No,0,0,1
704512.7722,1939.46,845.15,13.31,Yes,Yes,1,1,1
470238.5325,1362.96,834.44,57.37,No,No,0,0,1
284396.0632,550.0,1527.6,27.49,No,No,0,0,1
455562.132,1255.38,482.12,54.16,Yes,No,1,0,1
448231.5409,1588.03,124.47,5.1,Yes,Yes,1,1,1
261273.8014,1505.35,343.48,32.63,Yes,No,1,0,1
274343.871,550.0,609.95,28.31,Yes,No,1,0,1
354094.8412,550.0,285.58,33.56,No,No,0,0,1
110505.7101,654.07,1022.08,8.29,No,No,0,0,1
171977.7174,1012.69,455.09,4.18,Yes,No,1,0,1
178009.8491,1052.32,590.87,28.25,No,Yes,0,1,1
130890.354,728.55,322.41,12.46,No,No,0,0,1
271626.442,1381.83,768.86,6.93,No,Yes,0,1,1
249751.8563,1236.0,384.98,23.15,No,No,0,0,1
101762.9942,1168.46,13.21,29.58,No,No,0,0,1
401584.651,600.25,641.45,19.99,Yes,Yes,1,1,1
207601.5597,904.42,334.34,30.02,No,No,0,0,1
165832.1784,550.0,603.4,56.31,No,No,0,0,1
370626.9651,1723.29,439.27,24.06,No,Yes,0,1,1
229867.2818,742.01,307.52,49.15,No,No,0,0,1
261299.0612,876.01,255.08,7.12,No,No,0,0,1
201083.057,920.33,1027.77,42.05,No,No,0,0,1
289915.2581,662.53,26.01,46.56,No,Yes,0,1,1
500787.2489,1437.02,1230.93,7.73,No,No,0,0,1
453167.7797,1057.49,821.7,81.73,Yes,No,1,0,1
468592.981,1412.1,331.92,44.88,No,Yes,0,1,1
643648.7488,1865.64,542.84,22.83,No,No,0,0,1
284846.2384,1343.09,295.45,22.15,No,No,0,0,1
165266.5131,561.26,1131.07,34.14,Yes,Yes,1,1,1
113423.8569,1154.96,210.5,8.02,No,No,0,0,1
400906.5969,1138.68,491.93,73.34,No,Yes,0,1,1
390164.8623,1806.26,1332.11,20.55,No,No,0,0,1
187995.7479,550.0,241.85,41.95,No,No,0,0,1
334882.4909,762.18,774.24,7.18,No,Yes,0,1,1
133991.8721,1021.28,31.4,14.06,No,No,0,0,1
384299.924,1257.82,479.92,8.17,No,No,0,0,1
173253.2882,768.6,852.11,41.28,No,No,0,0,1
365160.8737,1705.01,514.98,19.13,No,No,0,0,1
315110.2214,1318.78,230.0,16.96,No,No,0,0,1
544722.7857,1396.01,554.38,67.25,No,No,0,0,1
103024.6398,664.28,392.33,39.91,Yes,Yes,1,1,1
236584.1873,964.97,392.99,33.85,No,No,0,0,1
407629.4936,785.82,601.04,29.56,No,Yes,0,1,1
506388.8471,801.77,135.67,36.55,Yes,No,1,0,1
297285.8169,1281.8,858.82,50.4,No,No,0,0,1
290957.0203,1033.09,127.95,2.94,Yes,No,1,0,1
350479.6175,1169.45,463.43,21.98,No,Yes,0,1,1
179465.1961,550.0,685.98,24.34,No,Yes,0,1,1
510530.1082,1125.23,276.16,38.18,No,No,0,0,1
447293.5671,1261.09,598.7,22.74,No,No,0,0,1
312074.1011,586.41,538.83,50.89,No,No,0,0,1
143197.3936,1225.68,277.91,50.76,No,No,0,0,1
118334.6332,550.0,304.02,61.17,Yes,No,1,0,1
99325.70034,796.75,490.35,61.69,No,Yes,0,1,1
104773.5017,550.0,420.78,41.66,No,Yes,0,1,1
236450.6019,748.14,969.1,1.62,No,No,0,0,1
163532.6969,782.04,463.51,52.54,No,Yes,0,1,1
452987.9875,1581.56,622.55,17.49,No,No,0,0,1
313470.0031,826.67,670.5,12.81,No,No,0,0,1
380770.1555,1151.93,372.65,65.77,No,Yes,0,1,1
411243.601,1231.08,869.92,61.57,No,No,0,0,1
256564.7699,550.0,163.52,60.43,Yes,No,1,0,1
251183.1563,1162.8,521.97,19.53,No,No,0,0,1
155965.7046,1062.47,78.23,8.68,Yes,No,1,0,1
180707.6909,810.88,413.01,45.42,Yes,No,1,0,1
206294.6469,643.02,88.0,45.33,No,No,0,0,1
93883.51932,550.0,605.29,10.07,No,No,0,0,1
172888.1978,550.0,274.41,4.6,No,No,0,0,1
232326.4253,550.0,331.95,29.97,No,Yes,0,1,1
210467.5593,1208.45,672.11,16.9,Yes,No,1,0,1
237388.69,550.0,30.73,36.44,No,No,0,0,1
497529.3938,1370.13,350.81,60.61,No,No,0,0,1
137084.6115,576.05,705.36,33.8,No,No,0,0,1
312374.5689,1295.0,369.44,42.76,No,No,0,0,1
530691.8255,676.49,660.64,37.66,No,Yes,0,1,1
238569.6214,965.44,602.92,43.53,Yes,No,1,0,1
272776.072,939.03,300.77,50.24,Yes,Yes,1,1,1
280135.5817,1085.52,83.35,61.43,No,No,0,0,1
574520.8943,1953.8,734.01,21.96,No,No,0,0,1
162605.8875,690.37,685.37,8.53,No,No,0,0,1
282254.4151,963.92,101.38,58.49,No,No,0,0,1
523913.4523,1499.56,103.21,50.21,No,No,0,0,1
268097.0147,550.0,644.33,29.23,No,No,0,0,1
330576.3618,1247.11,621.73,29.86,No,Yes,0,1,1
262653.3923,878.0,257.23,44.28,No,Yes,0,1,1
162547.0472,550.0,55.33,11.54,No,Yes,0,1,1
274124.9918,1403.53,1128.16,36.97,No,Yes,0,1,1
175680.1302,906.93,851.72,40.62,No,No,0,0,1
177882.2157,550.0,236.62,20.36,No,Yes,0,1,1
340979.9018,661.11,400.51,44.34,No,Yes,0,1,1
111889.5615,1280.96,69.82,14.58,No,Yes,0,1,1
358367.7787,1778.96,205.22,27.53,No,Yes,0,1,1
265278.7319,1320.1,581.23,25.26,No,Yes,0,1,1
323896.9028,858.35,116.84,47.3,Yes,No,1,0,1
620197.351,1956.12,740.73,17.69,No,Yes,0,1,1
134130.7502,550.0,91.06,63.37,No,No,0,0,1
304931.3849,1110.45,525.42,42.13,No,Yes,0,1,1
335756.0143,1164.13,327.22,47.36,No,Yes,0,1,1
372249.6346,1651.53,187.64,2.02,No,No,0,0,1
520589.6866,1590.37,935.42,41.33,No,No,0,0,1
411343.6274,603.82,431.28,40.73,No,Yes,0,1,1
571526.5617,1647.31,49.35,6.45,No,No,0,0,1
245104.5692,873.9,232.09,41.15,No,No,0,0,1
235613.132,550.0,849.95,18.98,No,No,0,0,1
108935.8619,988.76,1313.59,20.57,No,No,0,0,1
497908.5102,1891.21,490.88,11.61,No,No,0,0,1
174200.3734,1180.83,460.01,12.76,No,No,0,0,1
322341.8634,1272.81,869.23,33.62,No,Yes,0,1,1
145942.1369,1044.43,177.81,15.89,No,No,0,0,1
118104.4673,550.0,744.78,23.32,No,Yes,0,1,1
412440.005,1617.38,499.12,77.41,No,No,0,0,1
238343.9376,577.36,771.92,39.47,No,No,0,0,1
122930.8342,550.0,734.61,32.58,No,Yes,0,1,1
246206.4743,550.0,94.14,39.33,No,No,0,0,1
147760.8634,550.0,977.1,75.51,No,No,0,0,1
165566.0579,550.0,649.67,9.63,Yes,No,1,0,1
109258.2332,874.34,631.09,60.21,Yes,No,1,0,1
527307.9088,550.0,1021.67,23.11,No,No,0,0,1
780190.8628,2068.82,617.05,37.98,No,Yes,0,1,1
157587.7771,550.0,686.21,43.98,Yes,No,1,0,1
235908.2389,1162.7,749.35,30.6,No,No,0,0,1
161223.6344,550.0,241.35,49.3,No,No,0,0,1
201849.2072,1100.88,388.99,37.59,No,No,0,0,1
123104.0484,734.59,978.95,5.72,Yes,No,1,0,1
155727.5636,550.0,554.0,4.07,Yes,No,1,0,1
421368.8869,1726.12,943.19,34.06,No,Yes,0,1,1
111529.805,1262.83,708.0,46.48,Yes,No,1,0,1
565338.9769,1207.93,449.39,3.65,Yes,Yes,1,1,1
363985.391,778.54,861.69,25.78,No,No,0,0,1
733103.4288,1377.9,758.06,43.93,No,No,0,0,1
316592.6204,1386.37,590.93,48.09,No,Yes,0,1,1
172521.4329,642.36,505.06,23.25,No,No,0,0,1
258308.4169,860.54,525.04,23.29,No,No,0,0,1
175781.7126,550.0,385.1,30.07,No,Yes,0,1,1
192044.4362,708.47,607.66,1.93,No,No,0,0,1
193488.1005,816.16,576.84,1.27,Yes,Yes,1,1,1
305813.1243,1214.59,250.64,27.82,No,No,0,0,1
103436.2248,550.0,885.91,30.13,No,No,0,0,1
242450.3356,550.0,492.35,37.58,No,Yes,0,1,1
675749.7362,1726.85,823.07,14.61,No,No,0,0,1
318126.9653,1143.1,286.66,45.32,Yes,Yes,1,1,1
206316.8392,550.0,381.77,7.15,No,Yes,0,1,1
397238.4498,1653.32,294.97,52.73,No,No,0,0,1
115156.9002,550.0,851.91,16.6,No,No,0,0,1
233534.837,1332.25,312.96,26.55,No,Yes,0,1,1
265015.4048,1184.13,569.38,20.35,No,No,0,0,1
542916.9681,957.1,803.31,44.63,No,Yes,0,1,1
314737.1867,550.0,392.51,8.96,No,Yes,0,1,1
234433.7794,725.74,710.46,23.4,No,No,0,0,1
204687.7228,1119.65,880.94,23.73,No,Yes,0,1,1
624004.5467,1333.3,564.93,40.56,No,No,0,0,1
192100.1045,879.37,738.28,3.07,No,No,0,0,1
220351.6395,550.0,674.68,23.03,Yes,No,1,0,1
679097.4556,2010.62,483.35,5.37,No,Yes,0,1,1
205922.9258,550.0,383.02,91.47,No,No,0,0,1
145164.6243,982.12,906.47,37.93,Yes,No,1,0,1
336955.922,1198.87,386.34,18.69,No,No,0,0,1
466709.337,831.53,673.58,13.15,Yes,No,1,0,1
324337.8834,1486.63,1054.01,21.19,Yes,No,1,0,1
445058.7417,1366.81,659.3,34.34,No,No,0,0,1
340097.7088,821.19,461.33,59.45,No,Yes,0,1,1
257093.7751,1258.17,402.12,0.88,No,No,0,0,1
352999.1133,1690.71,398.24,30.13,No,No,0,0,1
152467.1669,550.0,103.49,70.32,No,No,0,0,1
511448.6747,728.22,676.73,33.2,No,No,0,0,1
248336.565,550.0,536.78,23.87,No,Yes,0,1,1
155146.8993,639.37,524.67,35.1,No,Yes,0,1,1
177944.3403,891.4,81.12,43.9,No,No,0,0,1
277389.5276,907.52,288.04,55.84,No,No,0,0,1
126108.4073,662.79,403.94,65.46,No,Yes,0,1,1
405334.8917,1228.64,634.83,31.0,No,No,0,0,1
129571.1343,550.0,179.5,42.87,No,Yes,0,1,1
503922.7306,1025.74,15.99,16.47,Yes,Yes,1,1,1
631038.2748,1301.89,614.3,49.21,No,Yes,0,1,1
516799.3191,1866.75,298.67,16.52,No,No,0,0,1
142639.1425,908.42,14.54,48.12,No,No,0,0,1
202084.3426,732.5,149.54,18.9,No,No,0,0,1
348991.4784,1398.64,117.0,24.14,No,No,0,0,1
235364.9007,575.16,829.79,42.17,No,No,0,0,1
342576.4266,1058.22,354.82,30.52,No,Yes,0,1,1
184100.4687,628.32,273.04,3.83,No,Yes,0,1,1
461983.6949,1629.07,363.24,22.94,No,No,0,0,1
266465.0939,1139.31,882.94,65.66,No,Yes,0,1,1
264687.482,1480.25,104.53,20.92,Yes,Yes,1,1,1
203962.6062,658.34,606.72,36.31,Yes,Yes,1,1,1
241942.875,623.77,329.5,36.93,No,No,0,0,1
164491.9501,576.65,296.65,26.53,No,No,0,0,1
135815.7113,550.0,596.38,40.74,Yes,No,1,0,1
330861.4805,550.0,388.17,29.39,No,No,0,0,1
387483.377,1709.55,564.85,6.4,No,Yes,0,1,1
252928.8126,1139.91,273.39,43.69,No,No,0,0,1
497905.6963,969.5,1020.08,6.17,Yes,No,1,0,1
551289.4411,550.0,273.64,46.48,Yes,No,1,0,1
165425.0982,793.35,765.13,34.88,No,Yes,0,1,1
393815.2236,1116.57,55.32,60.8,No,No,0,0,1
646182.2465,1310.88,499.31,24.53,No,No,0,0,1
296121.6951,1289.15,381.0,13.69,No,No,0,0,1
432179.2694,1885.27,385.69,34.29,Yes,Yes,1,1,1
401065.9409,765.63,491.0,47.8,Yes,No,1,0,1
214089.6239,968.74,349.9,1.9,No,No,0,0,1
407852.18,1489.29,489.36,21.6,No,Yes,0,1,1
405574.4351,1858.88,126.44,54.62,Yes,No,1,0,1
129485.9721,752.01,660.36,43.6,No,No,0,0,1
280418.7304,1417.48,617.68,49.7,Yes,Yes,1,1,1
323691.9893,1594.27,616.64,35.59,No,No,0,0,1
102580.7852,611.64,583.16,25.03,No,Yes,0,1,1
107330.1073,859.94,531.17,27.48,No,No,0,0,1
302811.6508,1491.55,394.18,53.75,No,No,0,0,1
524598.9768,1446.86,608.95,55.05,No,Yes,0,1,1
154684.3011,550.0,770.54,90.25,Yes,No,1,0,1
158109.1568,908.6,553.36,31.84,No,No,0,0,1
369157.1951,1423.6,269.11,35.1,Yes,No,1,0,1
244766.5398,1574.03,799.67,37.89,No,No,0,0,1
169536.3962,550.0,656.92,56.88,No,Yes,0,1,1
278642.1448,677.71,169.54,64.36,No,No,0,0,1
423641.3572,690.37,694.65,10.43,Yes,Yes,1,1,1
354961.7707,2170.18,223.46,4.33,No,No,0,0,1
244662.9562,1840.34,426.25,47.4,Yes,No,1,0,1
343336.0697,1632.39,302.13,56.08,Yes,Yes,1,1,1
214297.0732,1005.43,85.53,53.07,Yes,Yes,1,1,1
266337.8745,998.18,358.05,4.74,No,No,0,0,1
244814.255,1093.75,558.96,20.56,No,No,0,0,1
415681.7376,1348.39,529.29,45.88,No,Yes,0,1,1
521954.8921,581.94,518.23,31.61,Yes,Yes,1,1,1
283519.0624,550.0,823.43,24.37,Yes,No,1,0,1
343053.3563,1302.39,384.91,32.64,Yes,No,1,0,1
623993.8792,1625.16,583.95,42.91,No,No,0,0,1
88580.3812,1205.99,507.84,9.83,No,Yes,0,1,1
269536.7121,550.0,369.96,47.57,No,No,0,0,1
229785.0799,1269.8,226.61,55.91,No,No,0,0,1
232594.7678,1463.33,293.14,40.32,Yes,Yes,1,1,1
327626.1061,771.18,95.67,57.62,No,No,0,0,1
248086.4852,757.67,940.59,24.01,No,Yes,0,1,1
168532.7932,768.03,647.89,33.47,No,No,0,0,1
240754.6703,550.0,31.81,42.39,No,No,0,0,1
317898.9263,918.94,234.47,25.49,No,No,0,0,1
251869.3825,760.38,412.28,18.79,Yes,No,1,0,1
327448.2674,888.96,638.0,1.9,Yes,Yes,1,1,1
149402.0683,1610.1,98.2,61.7,No,No,0,0,1
182818.7408,550.0,206.6,31.93,No,Yes,0,1,1
351747.2649,1505.2,272.18,28.07,No,Yes,0,1,1
214596.5987,1204.99,870.73,4.26,No,No,0,0,1
658461.7223,1745.5,140.84,23.53,No,No,0,0,1
492994.8442,2269.73,392.97,82.91,Yes,Yes,1,1,1
219968.9935,550.0,959.25,7.5,Yes,No,1,0,1
283743.8872,708.12,427.97,41.58,No,No,0,0,1
303853.3608,1646.72,581.83,41.02,No,Yes,0,1,1
252796.5789,614.7,693.29,11.43,Yes,No,1,0,1
368824.7083,720.33,550.78,25.88,No,Yes,0,1,1
419123.8418,1025.38,624.94,19.95,No,No,0,0,1
187888.8282,1456.45,618.87,2.93,No,No,0,0,1
356569.8677,1395.58,299.59,38.98,No,Yes,0,1,1
347052.8596,550.0,360.74,23.23,No,No,0,0,1
189564.2486,1055.06,890.91,68.04,No,Yes,0,1,1
284318.2353,1659.19,719.3,13.26,No,No,0,0,1
202859.3176,1098.69,158.8,61.59,Yes,No,1,0,1
361331.6827,1809.95,863.25,18.64,No,No,0,0,1
713993.1241,1326.29,174.91,13.25,Yes,Yes,1,1,1
191718.172,651.05,421.03,62.73,No,No,0,0,1
229928.759,550.0,814.66,17.2,No,No,0,0,1
150695.0969,870.25,803.11,15.34,Yes,No,1,0,1
336337.6459,1450.56,691.7,32.15,No,No,0,0,1
344786.63,550.0,1082.84,16.95,No,No,0,0,1
280494.9248,1195.22,914.73,43.56,No,No,0,0,1
360491.2038,550.0,795.43,10.86,Yes,No,1,0,1
300740.9772,1168.86,288.52,37.34,No,Yes,0,1,1
550091.5551,1242.17,584.2,17.32,No,No,0,0,1
236691.7614,917.28,662.34,10.57,No,No,0,0,1
123575.9347,550.0,684.01,51.3,No,Yes,0,1,1
260356.7383,1139.91,256.02,20.86,No,No,0,0,1
323646.6032,939.78,568.73,45.63,No,Yes,0,1,1
98622.30842,550.0,1089.85,50.56,No,Yes,0,1,1
652902.385,895.52,424.22,38.5,No,Yes,0,1,1
313766.7632,550.0,692.32,28.71,Yes,No,1,0,1
190662.9313,747.84,692.21,39.76,No,Yes,0,1,1
485170.8378,1599.49,726.01,10.54,No,No,0,0,1
207331.9679,823.7,736.53,31.76,No,No,0,0,1
111298.1421,550.0,59.73,4.79,No,No,0,0,1
169416.882,678.06,383.89,38.64,No,Yes,0,1,1
232506.3177,550.0,520.0,1.79,No,No,0,0,1
610064.7447,1965.15,860.28,33.12,No,No,0,0,1
256123.2288,770.2,443.68,45.32,No,No,0,0,1
822630.8227,1809.96,826.48,39.12,No,Yes,0,1,1
201575.1283,884.33,119.82,3.99,No,Yes,0,1,1
319705.9149,755.0,807.85,7.79,Yes,No,1,0,1
509492.6003,1212.97,663.54,8.45,Yes,Yes,1,1,1
295980.5785,1852.27,329.49,25.56,No,Yes,0,1,1
113104.3844,550.0,337.16,20.54,Yes,No,1,0,1
120438.0192,666.18,320.07,56.8,Yes,No,1,0,1
345504.5387,1338.96,356.98,43.5,No,No,0,0,1
110454.7642,550.0,96.25,48.45,No,No,0,0,1
119563.1348,924.97,987.22,61.68,No,No,0,0,1
662675.9344,1591.14,853.09,40.4,No,No,0,0,1
586725.5921,1237.01,395.55,33.33,No,Yes,0,1,1
124414.6586,778.67,339.21,33.54,No,No,0,0,1
202946.7719,550.0,174.71,35.96,Yes,Yes,1,1,1
294006.8647,550.0,367.26,44.88,No,Yes,0,1,1
251042.806,550.0,214.55,31.67,No,No,0,0,1
218754.4913,749.67,762.83,31.52,Yes,No,1,0,1
122559.9246,986.24,267.45,25.64,Yes,Yes,1,1,1
339351.4185,1015.29,1044.76,2.74,No,No,0,0,1
504221.8113,1379.86,599.2,5.79,No,No,0,0,1
361257.3895,834.25,103.32,30.12,No,No,0,0,1
493629.1326,1743.48,530.95,15.05,Yes,No,1,0,1
365843.4516,1499.48,239.94,49.71,No,No,0,0,1
248789.3322,550.0,112.47,41.8,No,No,0,0,1
95067.28153,550.0,57.27,17.7,No,Yes,0,1,1
551047.2345,1507.28,766.22,1.82,Yes,Yes,1,1,1
93963.58358,550.0,680.53,21.93,No,Yes,0,1,1
312594.3837,667.13,504.07,37.99,No,No,0,0,1
244610.7551,1105.77,64.51,50.8,No,Yes,0,1,1
477219.5197,1380.55,196.27,54.97,No,Yes,0,1,1
342939.5367,1192.28,802.71,2.54,No,Yes,0,1,1
95856.1153,550.0,816.83,15.82,No,Yes,0,1,1
541235.5038,1269.76,1009.57,57.27,No,No,0,0,1
537982.891,926.57,138.13,55.14,No,Yes,0,1,1
170808.2439,550.0,288.76,56.21,Yes,No,1,0,1
244009.9532,1178.57,366.6,56.68,No,No,0,0,1
222140.2512,1092.1,671.69,36.74,Yes,Yes,1,1,1
254840.1404,1022.56,588.03,42.6,No,Yes,0,1,1
98056.79277,550.0,481.26,6.05,No,Yes,0,1,1
317672.2156,1530.81,872.41,6.5,No,No,0,0,1
463689.7188,2163.35,929.43,15.63,No,No,0,0,1
195341.3991,1450.43,892.14,25.04,No,No,0,0,1
474816.6255,1743.58,249.13,27.6,No,No,0,0,1
446542.03,1036.05,577.03,44.88,No,No,0,0,1
198672.4582,550.0,172.48,22.98,Yes,Yes,1,1,1
244504.4305,1055.65,592.62,10.01,No,No,0,0,1
393259.0021,1171.54,739.56,22.8,No,No,0,0,1
248310.5492,734.98,349.9,3.66,No,No,0,0,1
175701.0941,1128.16,931.8,26.82,No,Yes,0,1,1
204755.9384,1131.51,374.16,29.97,No,No,0,0,1
195416.5331,940.02,595.3,17.77,Yes,No,1,0,1
135333.7626,975.57,197.27,44.83,No,No,0,0,1
254110.0525,747.48,398.93,20.39,No,No,0,0,1
187420.2746,585.81,873.1,59.58,No,Yes,0,1,1
383541.8907,550.0,575.71,23.91,Yes,No,1,0,1
499542.613,1703.66,453.99,33.86,No,No,0,0,1
702265.437,902.27,745.2,83.45,No,No,0,0,1
591930.0137,1695.37,599.6,62.82,No,Yes,0,1,1
230285.191,1314.72,424.09,69.8,No,Yes,0,1,1
272823.1207,550.0,237.74,51.63,Yes,No,1,0,1
249268.1619,827.25,361.58,2.52,No,No,0,0,1
257438.9156,1159.68,695.59,29.83,No,Yes,0,1,1
466401.4281,1096.07,432.12,32.66,No,Yes,0,1,1
146268.2679,550.0,447.96,29.21,No,No,0,0,1
201890.2908,550.0,673.1,32.34,No,Yes,0,1,1
240045.8232,1276.99,460.49,17.49,No,No,0,0,1
339091.8612,1156.34,750.87,52.07,No,No,0,0,1
351210.4303,885.44,259.07,46.62,No,No,0,0,1
256372.5145,902.24,350.81,43.67,Yes,No,1,0,1
618110.2488,1511.89,361.83,20.86,No,No,0,0,1
113299.4671,550.0,385.89,40.63,No,No,0,0,1
240851.9783,1201.96,917.7,1.26,No,Yes,0,1,1
265397.8247,1399.62,327.22,37.13,No,No,0,0,1
322496.1499,891.59,213.04,0.3,No,No,0,0,1
154546.2588,792.58,669.85,42.24,Yes,Yes,1,1,1
355509.5762,1138.98,97.15,43.64,Yes,No,1,0,1
479105.0217,1074.5,230.39,45.71,No,Yes,0,1,1
503702.0815,1417.73,1065.12,8.17,Yes,No,1,0,1
400789.3699,1016.92,255.18,26.51,No,Yes,0,1,1
416597.0363,1138.0,300.71,10.83,No,No,0,0,1
321147.6717,862.05,869.53,39.39,Yes,No,1,0,1
409672.2311,801.11,245.59,15.0,No,Yes,0,1,1
463029.2579,737.11,197.47,31.59,No,No,0,0,1
428899.4386,1756.7,620.18,19.94,No,Yes,0,1,1
314818.9064,550.0,398.49,34.93,Yes,Yes,1,1,1
277255.8684,1427.16,158.07,14.57,No,Yes,0,1,1
140842.3883,550.0,1341.99,1.51,No,No,0,0,1
109087.4478,550.0,477.44,23.64,No,Yes,0,1,1
269688.4728,1273.14,1115.4,3.1,No,No,0,0,1
215665.2148,1278.89,754.9,33.99,No,No,0,0,1
469333.7639,1465.35,588.34,48.88,No,No,0,0,1
193712.9455,1103.23,158.94,32.79,No,No,0,0,1
309141.3191,1559.91,688.92,21.42,No,No,0,0,1
220315.6302,550.0,561.33,38.25,No,No,0,0,1
103727.154,878.21,727.94,4.42,No,No,0,0,1
476261.3868,1454.36,643.19,6.68,No,Yes,0,1,1
243722.0049,876.67,117.86,12.17,Yes,No,1,0,1
157550.5442,849.06,31.41,46.06,Yes,No,1,0,1
449192.4444,1055.31,203.97,53.58,Yes,No,1,0,1
273769.0828,1473.2,323.36,31.79,No,No,0,0,1
383798.3606,1089.88,609.84,29.62,No,No,0,0,1
172227.7567,984.42,418.85,37.17,No,Yes,0,1,1
275767.8705,995.68,110.33,38.76,Yes,Yes,1,1,1
420255.3959,613.33,970.35,21.63,No,No,0,0,1
92151.74651,564.44,667.33,39.66,Yes,No,1,0,1
297714.1583,1657.16,569.12,21.5,No,No,0,0,1
465411.917,2295.73,153.98,16.34,No,No,0,0,1
234150.2392,550.0,243.95,38.1,No,Yes,0,1,1
257273.9223,924.7,918.36,34.02,Yes,No,1,0,1
97427.25678,550.0,802.22,34.69,No,No,0,0,1
767721.1084,1153.69,509.64,0.81,No,No,0,0,1
320500.8382,1301.39,432.03,47.65,No,No,0,0,1
312782.8059,850.91,517.28,18.04,No,No,0,0,1
446075.8762,943.89,463.69,23.92,No,No,0,0,1
164309.6409,550.0,458.77,28.06,No,Yes,0,1,1
174452.5836,648.46,831.01,58.97,Yes,Yes,1,1,1
516020.9028,1659.3,456.1,26.96,No,Yes,0,1,1
202100.7793,1109.34,113.07,36.56,No,Yes,0,1,1
473382.5348,1026.36,149.31,0.1,No,No,0,0,1
110864.4095,682.33,135.8,15.61,No,No,0,0,1
327347.9656,1261.06,590.21,40.84,No,Yes,0,1,1
400944.4919,952.97,240.46,25.16,Yes,Yes,1,1,1
373346.7227,1385.27,659.49,29.36,No,No,0,0,1
196620.752,642.63,184.79,24.75,No,No,0,0,1
154249.565,652.25,683.35,36.47,Yes,No,1,0,1
218757.1645,1140.39,143.04,16.33,No,Yes,0,1,1
283028.7124,550.0,331.56,23.64,Yes,No,1,0,1
308120.0689,681.71,182.99,28.4,Yes,No,1,0,1
377092.29,550.0,190.27,59.38,No,No,0,0,1
226944.7235,2061.42,570.44,0.75,No,No,0,0,1
498851.7088,890.09,269.05,62.7,Yes,No,1,0,1
471721.7656,670.91,582.2,52.86,No,No,0,0,1
340863.3536,996.24,117.07,27.0,Yes,No,1,0,1
415436.8385,1557.12,676.26,43.55,Yes,No,1,0,1
257606.4882,678.71,524.98,20.75,Yes,No,1,0,1
153573.3276,1199.79,798.36,44.94,No,Yes,0,1,1
201622.4738,1198.92,376.65,0.89,No,No,0,0,1
324848.6239,1251.03,532.89,38.21,No,No,0,0,1
520671.8883,1587.13,947.19,32.86,No,Yes,0,1,1
459045.6798,550.0,237.86,26.34,No,Yes,0,1,1
181434.0593,550.0,793.43,35.85,No,No,0,0,1
158116.3485,579.11,503.17,25.53,No,No,0,0,1
113935.0884,714.24,12.89,44.84,No,No,0,0,1
452654.1891,1709.18,650.0,17.32,Yes,No,1,0,1
218601.7834,895.85,935.71,21.76,No,Yes,0,1,1
211649.1352,1152.58,103.59,8.14,No,No,0,0,1
161330.406,550.0,108.1,72.88,Yes,No,1,0,1
324782.6328,1124.14,676.66,61.77,No,No,0,0,1
434970.7078,1724.89,734.3,49.13,Yes,No,1,0,1
112980.7449,550.0,256.21,28.98,No,No,0,0,1
425157.08,1133.71,565.32,36.18,No,No,0,0,1
138602.8269,625.88,314.46,27.68,Yes,No,1,0,1
168483.329,1384.97,699.9,51.49,No,No,0,0,1
230173.566,976.35,841.37,5.77,Yes,No,1,0,1
156294.8951,550.0,205.84,81.87,No,No,0,0,1
189162.786,550.0,1188.94,39.14,Yes,No,1,0,1
253476.2673,1648.37,46.28,34.6,No,Yes,0,1,1
302975.6561,975.2,505.11,16.78,No,No,0,0,1
247180.2754,650.07,2.2,57.1,Yes,No,1,0,1
255230.9738,724.62,864.6,57.98,Yes,No,1,0,1
371325.8584,1250.06,536.38,17.66,Yes,Yes,1,1,1
146124.9394,1419.79,630.85,52.85,Yes,No,1,0,1
104735.1932,550.0,342.05,37.68,No,Yes,0,1,1
116907.4444,825.43,452.41,80.57,No,No,0,0,1
717578.6979,1267.94,791.68,31.16,Yes,No,1,0,1
432952.5713,550.0,792.92,3.64,No,No,0,0,1
282253.0256,2240.87,410.31,40.39,Yes,Yes,1,1,1
157531.1689,1026.14,734.29,25.87,Yes,No,1,0,1
492566.1352,1009.33,368.76,3.24,No,No,0,0,1
206191.2904,1966.16,372.11,59.57,No,Yes,0,1,1
481402.8049,1001.9,600.67,27.83,No,Yes,0,1,1
165108.6084,653.45,446.32,36.3,Yes,No,1,0,1
297382.5679,1403.85,48.21,22.13,No,Yes,0,1,1
262980.2794,720.92,713.3,47.08,Yes,Yes,1,1,1
171613.4246,896.7,314.71,66.78,No,No,0,0,1
106645.3587,934.57,346.34,79.29,Yes,Yes,1,1,1
469389.2362,1865.22,253.31,3.29,No,No,0,0,1
97058.08872,805.65,539.13,48.83,No,No,0,0,1
205937.7401,550.0,811.75,38.21,No,No,0,0,1
376242.2191,1383.96,622.16,66.01,No,No,0,0,1
398689.0703,663.24,181.82,33.49,No,No,0,0,1
369749.0723,2015.84,1027.66,19.79,No,No,0,0,1
262871.0421,1593.51,824.79,25.46,No,No,0,0,1
290802.8624,782.9,34.53,20.92,Yes,No,1,0,1
878270.4815,2398.23,717.29,51.98,No,Yes,0,1,1
461560.2178,1578.04,162.12,22.54,Yes,Yes,1,1,1
324387.7875,1004.49,656.32,49.4,No,Yes,0,1,1
191370.9394,997.36,1315.33,24.39,No,Yes,0,1,1
228871.9721,929.41,669.98,6.89,Yes,No,1,0,1
413696.176,1258.89,756.43,37.47,No,No,0,0,1
148852.0295,1011.74,959.36,35.26,Yes,No,1,0,1
607617.5735,1484.17,540.02,24.92,No,No,0,0,1
309475.7389,550.0,922.02,56.39,No,No,0,0,1
290743.0373,635.71,212.83,44.46,No,No,0,0,1
277934.3181,1049.26,839.33,56.14,No,No,0,0,1
114524.9105,550.0,26.76,20.67,No,Yes,0,1,1
403001.0933,1496.53,249.92,17.41,No,No,0,0,1
504229.4659,1162.89,324.98,2.07,Yes,No,1,0,1
163575.4804,550.0,575.64,3.97,Yes,No,1,0,1
153535.3657,690.05,446.66,51.78,No,Yes,0,1,1
212943.7066,804.9,371.24,3.36,No,No,0,0,1
277441.6937,1065.81,497.32,38.53,No,No,0,0,1
446406.9359,915.33,404.85,7.19,No,Yes,0,1,1
573920.1164,1920.34,972.2,35.77,No,Yes,0,1,1
189396.4227,1068.86,190.67,10.09,Yes,No,1,0,1
441280.179,1175.28,557.65,16.35,No,No,0,0,1
337640.8887,550.0,1018.14,17.88,No,Yes,0,1,1
98513.09269,550.0,500.92,9.39,Yes,No,1,0,1
379212.9742,781.76,459.17,23.35,Yes,No,1,0,1
347345.675,1987.99,485.32,25.71,No,No,0,0,1
579785.4694,1575.75,399.43,58.72,No,Yes,0,1,1
257522.3403,1722.27,182.64,10.11,No,Yes,0,1,1
244850.0049,846.6,475.88,9.77,No,No,0,0,1
354263.9805,661.87,752.58,44.14,No,No,0,0,1
475262.5456,550.0,759.08,30.7,Yes,No,1,0,1
157501.3561,907.68,140.1,11.86,No,No,0,0,1
327189.4572,1225.45,163.7,38.08,Yes,No,1,0,1
208975.1804,550.0,68.17,63.39,No,No,0,0,1
168431.4026,550.0,805.51,42.01,No,No,0,0,1
421524.3866,550.0,1088.51,29.77,Yes,Yes,1,1,1
154990.6295,1173.08,796.16,8.1,No,No,0,0,1
181631.6169,550.0,322.83,25.89,No,Yes,0,1,1
145468.7412,726.25,356.7,23.36,No,Yes,0,1,1
365322.3062,1366.27,43.72,46.69,No,Yes,0,1,1
508240.4454,1506.08,705.39,39.94,No,No,0,0,1
297070.034,856.67,669.49,34.59,Yes,Yes,1,1,1
454453.7197,1666.44,607.5,14.71,No,Yes,0,1,1
220849.5079,837.24,159.38,57.1,No,No,0,0,1
196117.0289,588.25,253.35,4.08,Yes,Yes,1,1,1
300684.2367,1470.97,253.54,44.06,No,No,0,0,1
298345.4482,1016.49,499.0,17.68,No,No,0,0,1
354524.7111,1152.85,56.09,40.22,No,Yes,0,1,1
158471.7514,1084.17,719.87,33.1,No,No,0,0,1
369438.1439,1807.95,497.24,35.32,No,Yes,0,1,1
90122.38554,550.0,193.11,42.44,Yes,No,1,0,1
326008.5763,1165.21,504.28,13.42,No,No,0,0,1
225542.0184,585.01,536.05,23.38,No,Yes,0,1,1
206050.2198,550.0,24.75,39.23,No,No,0,0,1
158839.4141,550.0,623.76,29.13,Yes,No,1,0,1
413218.8644,850.67,356.65,43.89,Yes,No,1,0,1
197193.796,1230.48,16.45,14.51,No,No,0,0,1
273247.2535,1036.2,200.87,76.02,No,No,0,0,1
262492.94,550.0,614.44,19.23,No,Yes,0,1,1
562484.0227,2816.76,713.65,59.39,Yes,No,1,0,1
349391.2377,1522.63,420.15,15.76,Yes,No,1,0,1
159395.7219,600.38,104.02,28.65,Yes,Yes,1,1,1
203564.234,550.0,382.59,25.47,Yes,No,1,0,1
354353.6387,897.24,981.44,45.12,Yes,No,1,0,1
161533.5785,754.31,778.7,43.88,No,Yes,0,1,1
283822.2283,1289.57,750.31,18.16,Yes,No,1,0,1
144490.858,1063.24,651.54,58.61,Yes,No,1,0,1
182140.9594,696.07,363.82,41.4,No,No,0,0,1
459567.602,795.11,892.19,24.73,Yes,No,1,0,1
279109.5484,912.52,208.85,14.16,Yes,No,1,0,1
363057.9952,857.66,403.3,26.87,Yes,Yes,1,1,1
300974.5539,1258.83,706.86,42.24,Yes,No,1,0,1
362917.3377,1676.03,663.92,35.43,Yes,No,1,0,1
343937.572,813.95,923.03,52.5,No,Yes,0,1,1
258216.0685,788.01,82.89,31.81,Yes,No,1,0,1
91763.35075,576.91,501.05,10.54,Yes,No,1,0,1
380733.0623,872.78,351.0,29.3,No,No,0,0,1
650641.7431,2057.02,574.14,51.02,Yes,Yes,1,1,1
303786.0932,1651.12,636.95,34.46,Yes,No,1,0,1
344545.4984,688.09,385.88,70.9,No,Yes,0,1,1
174760.7324,550.0,799.8,30.89,No,No,0,0,1
251945.1802,1194.06,445.96,31.81,Yes,Yes,1,1,1
644542.115,1449.62,361.41,25.98,No,No,0,0,1
597377.9812,1447.61,986.6,57.51,Yes,No,1,0,1
113867.704,1070.65,702.0,21.69,No,Yes,0,1,1
300406.5819,1212.51,1372.63,28.92,Yes,No,1,0,1
330090.5606,550.0,337.9,60.47,No,Yes,0,1,1
318574.1442,1086.8,22.8,37.82,Yes,Yes,1,1,1
238916.7137,550.0,595.84,33.9,Yes,No,1,0,1
193579.1699,1165.33,218.34,41.48,No,No,0,0,1
341148.4504,833.44,80.76,51.76,No,No,0,0,1
321072.6461,960.37,535.83,18.37,No,Yes,0,1,1
381701.4755,805.92,506.72,48.26,Yes,No,1,0,1
173670.6252,550.0,174.0,21.85,Yes,Yes,1,1,1
461667.4612,1041.61,452.98,38.52,No,No,0,0,1
295342.0273,1523.17,1003.37,57.21,No,No,0,0,1
196765.808,996.16,368.3,35.72,No,No,0,0,1
260260.6374,857.2,556.04,1.5,Yes,No,1,0,1
263931.7455,758.47,233.15,45.77,No,No,0,0,1
293232.5093,550.0,270.78,20.43,No,No,0,0,1
218397.4733,550.0,1008.69,2.44,No,No,0,0,1
475850.3779,1316.87,438.96,28.12,No,No,0,0,1
401135.7425,1050.07,351.05,66.52,Yes,Yes,1,1,1
113721.45,672.98,378.25,31.76,Yes,No,1,0,1
146057.4532,550.0,394.66,0.76,No,No,0,0,1
340862.5578,1434.89,514.35,38.89,No,No,0,0,1
156453.1818,550.0,525.01,22.64,No,No,0,0,1
154177.1892,550.0,257.15,40.4,No,No,0,0,1
196785.7624,550.0,489.95,43.86,No,No,0,0,1
116731.4427,844.14,905.87,40.72,Yes,Yes,1,1,1
222404.4952,1053.33,377.9,4.18,Yes,No,1,0,1
535479.8648,1406.52,283.62,60.14,No,Yes,0,1,1
181909.8306,550.0,956.66,28.22,No,No,0,0,1
415496.8971,1022.52,327.59,18.7,No,No,0,0,1
298185.2356,550.0,282.17,37.25,Yes,No,1,0,1
421852.2768,1584.58,536.1,15.3,Yes,No,1,0,1
473601.4141,1608.94,378.38,9.82,Yes,No,1,0,1
334716.2929,1128.87,446.52,39.81,No,No,0,0,1
575304.7083,1274.43,434.25,28.74,No,No,0,0,1
477452.2338,1871.75,633.05,46.58,No,Yes,0,1,1
153829.4032,731.64,830.59,18.57,No,Yes,0,1,1
382171.5594,550.0,575.87,34.45,No,No,0,0,1
118599.8402,601.22,217.01,45.49,No,Yes,0,1,1
575023.6845,1810.83,801.94,7.63,Yes,No,1,0,1
248163.8659,550.0,684.38,7.08,No,No,0,0,1
268929.6573,965.59,721.2,47.1,No,No,0,0,1
481639.5277,1291.47,66.02,20.22,No,Yes,0,1,1
160415.9956,995.09,106.72,0.57,No,No,0,0,1
126134.1796,550.0,946.35,30.7,Yes,Yes,1,1,1
488872.2089,1383.97,392.49,25.34,No,No,0,0,1
384158.1752,550.0,185.55,12.87,No,No,0,0,1
121606.9623,550.0,700.38,5.54,No,No,0,0,1
564601.8115,1346.8,1243.9,52.18,No,Yes,0,1,1
196541.7694,1636.48,284.29,62.06,No,Yes,0,1,1
363716.895,1445.21,107.18,58.13,Yes,Yes,1,1,1
122427.5754,617.7,207.87,43.92,No,No,0,0,1
416898.1012,1415.76,880.55,7.43,No,Yes,0,1,1
307135.0187,1928.68,301.85,22.35,No,No,0,0,1
264808.5711,834.38,1248.14,29.08,Yes,No,1,0,1
397043.65,933.54,403.69,52.34,No,No,0,0,1
601100.0146,612.06,471.87,26.02,No,No,0,0,1
149985.9048,550.0,13.99,4.24,Yes,No,1,0,1
502007.3141,1643.35,546.83,34.01,No,No,0,0,1
411710.1671,634.81,623.14,36.13,Yes,No,1,0,1
373416.1307,1314.28,703.95,8.9,No,Yes,0,1,1
1004323.974,1758.77,808.22,51.13,No,No,0,0,1
388416.6197,1382.66,301.07,44.48,No,No,0,0,1
190849.8791,612.66,139.13,34.45,No,No,0,0,1
153165.0037,725.59,927.04,10.32,Yes,Yes,1,1,1
165482.0594,1648.57,731.02,13.05,No,No,0,0,1
354213.0866,663.52,479.65,21.07,No,No,0,0,1
536376.4065,1360.17,237.51,18.24,No,Yes,0,1,1
380064.2378,680.25,532.37,47.98,No,Yes,0,1,1
268381.7089,550.0,1160.63,10.75,No,Yes,0,1,1
120929.0389,857.01,532.4,43.97,No,No,0,0,1
276114.303,792.58,809.23,39.59,Yes,Yes,1,1,1
256574.4397,957.99,432.24,67.78,No,Yes,0,1,1
137600.1985,559.57,774.16,23.98,No,Yes,0,1,1
472945.5328,1204.79,425.86,11.02,Yes,No,1,0,1
129572.8694,1342.22,1079.89,19.53,No,Yes,0,1,1
161248.7798,556.89,715.67,12.97,Yes,No,1,0,1
158634.0109,1494.94,47.64,41.5,No,No,0,0,1
194009.7516,1461.93,637.14,18.28,No,Yes,0,1,1
456965.1835,1790.88,695.61,20.81,No,No,0,0,1
268454.0863,915.44,251.03,17.28,Yes,Yes,1,1,1
274113.6555,1013.51,689.68,39.51,No,No,0,0,1
438926.1957,1086.21,761.18,25.23,Yes,No,1,0,1
418497.7631,1241.63,332.68,55.69,Yes,Yes,1,1,1
166751.417,550.0,610.78,36.83,Yes,Yes,1,1,1
216188.2021,550.0,629.44,16.53,No,Yes,0,1,1
328445.3249,879.48,663.46,27.8,No,No,0,0,1
103080.8523,550.0,124.11,33.95,No,No,0,0,1
273449.9487,1663.91,801.23,22.27,No,No,0,0,1
301173.9556,638.38,710.83,46.29,Yes,Yes,1,1,1
226058.3649,1202.03,484.91,30.4,No,Yes,0,1,1
425167.2697,1140.45,1068.53,7.86,Yes,No,1,0,1
306655.055,550.0,319.65,8.59,No,No,0,0,1
493844.755,1163.6,414.13,60.33,No,Yes,0,1,1
98435.51986,550.0,284.75,30.09,No,No,0,0,1
372032.2221,860.83,804.15,10.8,No,No,0,0,1
506532.904,1431.12,579.17,15.22,No,Yes,0,1,1
85000.0,1161.07,534.56,19.26,No,No,0,0,1
224345.928,550.0,462.36,24.1,No,No,0,0,1
256751.1774,1438.23,1565.91,1.28,No,No,0,0,1
396534.8625,1345.99,210.99,19.19,No,Yes,0,1,1
332189.1019,1179.79,701.7,33.95,No,Yes,0,1,1
291614.0944,1043.59,708.55,40.54,No,Yes,0,1,1
361398.7754,714.9,662.04,42.74,Yes,No,1,0,1
346686.6221,718.51,562.48,2.75,Yes,No,1,0,1
404481.797,1337.46,564.81,3.33,No,Yes,0,1,1
143269.7371,617.43,683.11,39.0,No,Yes,0,1,1
284876.22,550.0,786.86,23.5,No,Yes,0,1,1
198274.6968,550.0,851.92,54.42,No,No,0,0,1
133859.3801,559.1,529.5,30.82,No,Yes,0,1,1
829612.6819,1860.12,607.87,48.81,Yes,Yes,1,1,1
335982.5127,1177.16,893.63,29.65,No,Yes,0,1,1
223625.846,896.66,780.08,24.65,No,Yes,0,1,1
189578.0677,624.05,782.08,47.79,No,No,0,0,1
374159.8778,2004.49,907.72,8.34,No,Yes,0,1,1
212120.0921,550.0,447.98,53.27,Yes,Yes,1,1,1
107444.0965,550.0,265.49,30.26,Yes,No,1,0,1
322050.2796,1498.46,289.49,23.68,No,No,0,0,1
334675.3086,644.63,26.58,68.84,No,No,0,0,1
265407.0054,1505.14,385.07,36.62,No,No,0,0,1
281180.6138,1099.56,432.09,31.18,No,No,0,0,1
371639.9016,1919.08,178.23,7.12,No,Yes,0,1,1
309018.0742,792.4,720.05,38.52,No,Yes,0,1,1
365276.7021,1486.85,117.67,37.0,Yes,No,1,0,1
192110.0073,1251.83,279.62,36.03,Yes,Yes,1,1,1
387762.1979,938.79,1207.74,21.43,No,No,0,0,1
254413.1466,874.22,611.22,37.43,No,Yes,0,1,1
298185.6107,1013.74,385.22,31.02,No,No,0,0,1
328661.4105,579.17,414.2,35.56,No,No,0,0,1
403526.8027,1183.73,458.72,44.62,No,Yes,0,1,1
305972.3126,1044.76,394.2,15.61,No,No,0,0,1
159151.9278,550.0,398.65,40.49,No,Yes,0,1,1
500877.557,1022.41,504.11,46.27,No,No,0,0,1
536029.0706,810.43,137.27,36.27,No,No,0,0,1
467226.488,1246.98,710.19,20.91,Yes,No,1,0,1
139404.3725,976.2,34.11,53.63,No,Yes,0,1,1
594199.6817,1565.14,888.22,32.79,No,No,0,0,1
227814.0832,1232.61,473.43,44.28,Yes,Yes,1,1,1
662215.8511,1335.3,635.28,13.8,No,Yes,0,1,1
324162.0997,550.0,547.29,39.86,No,No,0,0,1
300946.7406,605.16,105.74,28.95,No,Yes,0,1,1
219833.9251,550.0,598.67,11.77,Yes,Yes,1,1,1
685133.8945,1371.3,669.83,15.07,No,Yes,0,1,1
105967.4529,811.64,66.66,23.0,Yes,No,1,0,1
378592.8484,962.85,232.1,18.0,No,No,0,0,1
252206.3363,996.4,462.37,34.75,No,No,0,0,1
200331.3534,1575.36,608.6,49.87,No,No,0,0,1
165834.1971,875.41,387.68,45.34,No,No,0,0,1
410459.3708,812.78,367.24,89.38,Yes,No,1,0,1
96863.68367,691.66,41.14,22.34,Yes,No,1,0,1
367594.2369,1447.9,353.04,26.63,No,No,0,0,1
334478.0946,1505.89,1089.14,7.73,No,No,0,0,1
342679.5368,1995.6,832.96,30.72,No,No,0,0,1
144362.9708,680.27,389.08,11.22,No,No,0,0,1
475523.4029,1496.88,697.14,28.01,No,Yes,0,1,1
456164.2115,590.26,327.18,2.54,No,No,0,0,1
313652.0388,1229.94,355.61,27.38,No,No,0,0,1
330395.2954,761.51,612.64,36.04,No,No,0,0,1
231074.2306,550.0,463.41,23.73,Yes,Yes,1,1,1
285138.4883,1411.12,402.09,19.58,No,Yes,0,1,1
228904.7746,826.42,549.53,39.7,No,No,0,0,1
434637.2054,1475.81,311.06,33.3,No,No,0,0,1
429663.1204,550.0,538.91,27.11,Yes,No,1,0,1
722574.6253,1216.33,298.63,11.06,No,No,0,0,1
122436.7116,550.0,263.71,7.25,No,No,0,0,1
291613.4365,1115.77,706.24,21.84,Yes,Yes,1,1,1
130765.982,985.17,1033.66,40.12,No,No,0,0,1
163287.2633,1125.46,1066.76,70.03,No,No,0,0,1
789259.36,2592.94,400.44,31.43,Yes,No,1,0,1
337003.2336,950.35,926.39,69.53,No,No,0,0,1
413003.9979,1378.36,980.86,33.12,No,Yes,0,1,1
470714.7115,893.55,4.85,21.86,No,Yes,0,1,1
596002.3773,1930.0,533.78,33.9,No,No,0,0,1
170764.9409,1013.29,48.9,38.19,No,No,0,0,1
660281.9581,1529.95,182.81,41.32,No,Yes,0,1,1
380782.1881,1523.56,665.9,39.7,No,Yes,0,1,1
417593.3801,781.98,419.94,43.28,No,No,0,0,1
496358.2834,1454.39,25.06,22.2,No,Yes,0,1,1
557698.2794,659.08,765.5,16.99,Yes,Yes,1,1,1
190469.5938,550.0,204.36,19.66,Yes,No,1,0,1
625748.35,1228.89,811.54,2.67,No,No,0,0,1
222101.5906,1433.02,1066.27,45.39,No,No,0,0,1
554555.2712,821.43,800.0,21.32,No,No,0,0,1
340925.1564,1160.49,162.88,17.36,No,No,0,0,1
175648.9446,1168.67,750.11,2.21,No,No,0,0,1
121420.1686,550.0,704.41,36.77,Yes,No,1,0,1
760446.2967,862.9,238.83,45.43,No,No,0,0,1
182395.2099,1417.34,374.73,37.63,No,No,0,0,1
404654.1572,550.0,779.04,43.96,No,No,0,0,1
640135.6395,1571.7,424.93,42.11,No,No,0,0,1
285644.6181,601.46,414.33,62.41,No,Yes,0,1,1
112529.2773,550.0,12.93,19.18,No,Yes,0,1,1
197180.0,1109.85,265.66,21.7,Yes,No,1,0,1
300227.2395,1536.47,318.57,41.33,No,No,0,0,1
202880.5964,895.14,227.24,38.7,No,Yes,0,1,1
280460.0013,786.88,585.04,10.02,No,No,0,0,1
104435.5011,590.41,340.12,9.41,No,Yes,0,1,1
345373.5712,550.0,951.96,13.52,Yes,No,1,0,1
248403.4061,615.55,286.22,41.23,No,No,0,0,1
683500.7185,1808.9,172.86,43.4,No,Yes,0,1,1
414467.0282,965.33,167.4,81.77,No,No,0,0,1
476570.3733,935.16,462.56,24.47,No,Yes,0,1,1
445799.2446,1648.71,817.04,50.29,No,No,0,0,1
313430.0109,1620.64,402.32,59.56,Yes,Yes,1,1,1
586225.2075,1531.42,1096.88,10.39,No,Yes,0,1,1
330678.6526,665.08,342.61,24.14,No,No,0,0,1
931377.1891,1423.57,249.96,21.33,Yes,No,1,0,1
266749.8707,829.55,467.36,55.87,Yes,No,1,0,1
150955.8344,774.79,367.35,27.19,No,No,0,0,1
204501.6496,808.7,585.36,52.03,Yes,No,1,0,1
226404.3435,1220.57,986.43,0.4,No,No,0,0,1
277702.0739,2121.6,416.2,62.78,No,No,0,0,1
423935.6588,1546.85,350.83,49.94,Yes,No,1,0,1
265124.8389,1193.27,514.51,29.36,No,Yes,0,1,1
366361.8071,1515.07,949.39,57.27,Yes,No,1,0,1
133591.3704,571.69,709.35,53.87,No,No,0,0,1
401829.2799,707.14,424.38,0.62,No,No,0,0,1
500642.8657,1417.24,573.58,18.81,Yes,Yes,1,1,1
418899.9362,868.5,93.81,51.03,No,Yes,0,1,1
556251.2911,1538.12,905.75,54.86,No,No,0,0,1
436602.8189,1440.35,326.94,37.32,No,Yes,0,1,1
319668.9235,1177.49,863.48,46.36,No,No,0,0,1
297866.4092,897.6,567.27,57.64,No,No,0,0,1
168100.8249,828.83,65.86,39.8,No,No,0,0,1
399559.1881,859.96,133.08,51.88,No,No,0,0,1
296815.2986,571.99,1014.71,41.72,Yes,Yes,1,1,1
216691.1785,550.0,232.4,38.48,No,Yes,0,1,1
342115.0793,1466.77,862.44,56.45,No,No,0,0,1
88969.66014,661.47,583.96,2.68,No,No,0,0,1
208764.2546,1173.31,245.29,76.09,Yes,No,1,0,1
298957.4967,1475.63,416.89,25.42,No,No,0,0,1
266952.8137,550.0,643.85,9.24,Yes,No,1,0,1
516382.1541,994.11,841.01,15.19,No,Yes,0,1,1
172426.9023,617.7,337.07,51.47,No,No,0,0,1
199372.794,1295.39,1022.91,64.48,No,Yes,0,1,1
155726.5703,550.0,350.39,42.59,No,No,0,0,1
180015.2789,1454.19,640.5,10.7,No,No,0,0,1
208805.3098,1496.1,759.92,4.99,No,No,0,0,1
334952.6535,1342.51,418.09,39.6,No,Yes,0,1,1
669964.7707,987.0,538.63,27.97,No,No,0,0,1
165809.6323,854.64,411.4,45.77,No,Yes,0,1,1
333524.6641,864.12,306.02,51.99,No,Yes,0,1,1
312146.1179,933.34,590.33,20.44,No,No,0,0,1
557907.882,1366.15,684.88,46.53,Yes,No,1,0,1
570208.7807,984.08,731.79,37.81,Yes,Yes,1,1,1
212593.3699,978.82,703.47,33.69,No,No,0,0,1
128708.696,1046.69,295.67,38.9,Yes,No,1,0,1
155735.0323,891.35,13.67,47.95,Yes,Yes,1,1,1
269408.846,1447.99,601.19,3.76,No,No,0,0,1
279007.9273,931.73,295.54,0.72,No,No,0,0,1
395658.2952,759.25,814.23,61.26,No,No,0,0,1
505005.466,1239.85,47.58,28.45,No,No,0,0,1
210645.6183,550.0,672.37,44.25,Yes,No,1,0,1
330731.053,550.0,290.16,20.37,Yes,No,1,0,1
151940.0427,1072.97,352.41,31.76,No,Yes,0,1,1
301953.5935,1411.35,536.63,46.86,No,No,0,0,1
191893.9135,1063.59,881.56,49.17,No,Yes,0,1,1
435340.0265,1209.54,773.02,12.29,No,Yes,0,1,1
135238.8633,967.5,619.84,56.21,No,No,0,0,1
422422.0922,1340.86,768.27,64.77,No,Yes,0,1,1
222700.0343,898.42,753.79,30.12,No,No,0,0,1
199811.224,550.0,416.13,60.9,No,Yes,0,1,1
419228.1018,736.06,643.32,38.98,Yes,No,1,0,1
124195.6191,856.29,1013.59,36.53,Yes,Yes,1,1,1
189138.1239,1193.66,725.85,22.38,No,No,0,0,1
174835.0863,661.34,652.11,44.51,No,No,0,0,1
483033.3232,1681.9,455.82,40.26,No,Yes,0,1,1
214365.1076,550.0,380.43,10.91,No,No,0,0,1
190229.8273,550.0,585.06,3.85,No,No,0,0,1
257123.6481,550.0,1047.11,44.9,No,Yes,0,1,1
386734.8426,1302.08,520.44,32.03,No,No,0,0,1
255046.6856,897.34,465.82,29.83,No,Yes,0,1,1
313945.7134,738.56,493.17,9.32,No,No,0,0,1
177081.8556,1483.89,542.94,48.02,No,No,0,0,1
244605.9014,1773.43,668.06,10.13,No,Yes,0,1,1
104702.2639,550.0,225.57,46.01,No,Yes,0,1,1
272321.0159,1313.83,607.12,44.94,No,No,0,0,1
324141.5167,1754.53,273.92,19.18,No,No,0,0,1
208361.4597,660.2,581.34,9.16,Yes,No,1,0,1
485149.4351,2393.06,402.17,48.55,Yes,Yes,1,1,1
1046675.64,2031.17,351.68,17.64,No,Yes,0,1,1
228408.6537,1190.73,538.72,29.41,No,Yes,0,1,1
219115.0432,946.99,507.04,72.72,Yes,Yes,1,1,1
397536.3935,1055.58,276.43,49.74,No,Yes,0,1,1
380920.0576,652.85,655.21,21.09,No,Yes,0,1,1
194645.6957,550.0,459.12,31.68,No,No,0,0,1
256709.7659,1056.18,439.76,54.6,No,No,0,0,1
415232.6716,877.32,784.49,4.2,No,No,0,0,1
291851.8906,1386.69,754.54,36.86,No,No,0,0,1
298156.0984,1492.49,178.38,9.8,Yes,No,1,0,1
597936.86,2240.4,725.03,56.42,No,No,0,0,1
93244.66967,550.0,468.55,4.29,No,Yes,0,1,1
435899.0208,1486.55,781.75,25.92,No,No,0,0,1
297723.341,571.47,850.65,30.14,No,Yes,0,1,1
285337.659,1662.01,313.55,37.73,No,No,0,0,1
338282.5032,1284.46,647.91,0.03,No,Yes,0,1,1
680379.2709,1411.04,465.67,37.83,No,No,0,0,1
154910.4527,1218.0,571.74,53.18,No,Yes,0,1,1
141305.0162,550.0,711.91,10.63,No,No,0,0,1
351857.5163,1721.9,219.41,15.82,No,Yes,0,1,1
315702.0311,1048.32,652.63,4.72,No,Yes,0,1,1
625194.5566,761.55,184.15,0.14,No,Yes,0,1,1
202105.9233,550.0,419.73,12.48,No,No,0,0,1
838651.0995,2122.41,68.76,27.2,No,No,0,0,1
269142.4041,959.84,398.1,2.65,No,No,0,0,1
154184.2007,761.29,880.52,15.3,Yes,No,1,0,1
158586.5965,550.0,182.65,19.69,No,Yes,0,1,1
250219.6031,958.82,475.59,48.48,No,No,0,0,1
354530.4942,2003.66,741.29,23.63,No,No,0,0,1
227591.673,998.15,583.62,23.69,Yes,No,1,0,1
380247.8732,1841.69,631.45,22.37,No,Yes,0,1,1
173230.4008,1243.54,511.24,53.02,No,Yes,0,1,1
192555.8989,550.0,824.43,9.24,No,Yes,0,1,1
218988.0487,550.0,899.21,4.96,Yes,No,1,0,1
346545.9581,1155.29,1012.36,22.93,No,No,0,0,1
108831.3591,1229.67,165.76,57.5,No,No,0,0,1
251114.3834,1487.28,160.18,15.28,No,No,0,0,1
150168.9155,550.0,247.21,19.52,No,No,0,0,1
290681.4959,550.0,561.86,60.08,Yes,No,1,0,1
188074.8765,550.0,233.4,2.75,Yes,No,1,0,1
130243.4643,550.0,675.96,49.12,Yes,No,1,0,1
402828.9072,1134.91,395.58,66.85,Yes,Yes,1,1,1
185506.6524,1074.52,76.99,76.47,Yes,No,1,0,1
636344.946,894.63,980.29,28.61,Yes,No,1,0,1
116963.4581,550.0,399.1,17.64,No,Yes,0,1,1
195228.6598,826.08,340.94,70.57,Yes,No,1,0,1
247500.2352,1504.65,699.89,54.47,No,No,0,0,1
220771.2414,1573.03,820.74,8.91,Yes,No,1,0,1
262995.1233,1530.0,552.64,17.62,No,Yes,0,1,1
452777.9337,1715.76,75.55,57.25,Yes,No,1,0,1
150876.3169,723.76,503.45,20.68,Yes,No,1,0,1
287045.0396,1723.02,399.63,15.1,No,No,0,0,1
377986.588,1155.62,464.49,52.83,No,No,0,0,1
205482.8076,550.0,93.57,59.07,Yes,Yes,1,1,1
146453.1937,550.0,508.93,56.96,No,Yes,0,1,1
314438.3722,550.0,761.44,34.19,No,Yes,0,1,1
183399.3991,887.74,695.28,26.29,No,No,0,0,1
362597.7191,901.0,35.04,21.19,Yes,Yes,1,1,1
332446.69,852.64,428.46,24.87,No,No,0,0,1
154243.4509,1065.93,585.78,43.39,No,No,0,0,1
162349.4198,1572.71,323.24,61.86,No,No,0,0,1
233356.7843,550.0,427.33,30.85,No,Yes,0,1,1
539832.9873,1666.59,899.5,23.97,No,Yes,0,1,1
178337.6542,1312.45,254.48,74.74,No,No,0,0,1
399845.0949,935.11,365.78,47.13,Yes,Yes,1,1,1
490977.0892,2009.45,292.74,16.29,No,Yes,0,1,1
307326.7045,1128.51,684.79,16.78,Yes,No,1,0,1
344662.7065,643.1,1068.25,28.53,No,No,0,0,1
581250.1542,1752.42,555.27,23.14,Yes,Yes,1,1,1
336213.541,938.82,484.13,25.48,No,Yes,0,1,1
100919.2111,550.0,434.71,24.33,No,Yes,0,1,1
572701.7326,1405.88,887.54,34.9,Yes,No,1,0,1
279679.0263,1214.95,140.66,32.71,No,No,0,0,1
159804.1684,639.55,347.38,34.76,Yes,Yes,1,1,1
102085.3713,706.79,210.71,52.78,No,No,0,0,1
263088.4075,733.56,510.23,38.18,No,No,0,0,1
133054.8655,550.0,950.15,6.15,No,Yes,0,1,1
395370.0208,1864.1,771.54,8.11,No,Yes,0,1,1
122588.4295,798.61,335.16,36.1,No,No,0,0,1
208002.2829,725.08,489.23,35.79,No,Yes,0,1,1
151679.9536,888.38,594.27,43.99,No,No,0,0,1
208835.2267,1334.33,575.33,36.37,No,Yes,0,1,1
258466.8909,1036.9,496.63,17.3,No,No,0,0,1
156581.1599,720.82,875.02,33.01,No,No,0,0,1
287178.9815,1213.2,107.47,20.09,No,No,0,0,1
365600.5205,1487.6,660.53,17.89,No,No,0,0,1
213153.8592,1161.44,467.44,23.12,No,No,0,0,1
161429.4012,852.09,254.81,50.24,No,Yes,0,1,1
589555.3422,1646.56,210.68,16.06,No,Yes,0,1,1
204273.6783,906.49,699.35,57.0,No,Yes,0,1,1
224401.1229,1125.41,708.78,55.35,No,Yes,0,1,1
182972.2245,901.94,1023.35,10.8,No,No,0,0,1
531264.9596,1393.7,289.19,51.18,No,No,0,0,1
176540.0897,591.05,609.33,24.52,Yes,Yes,1,1,1
296219.1147,1358.27,279.96,24.99,No,No,0,0,1
361173.5942,1115.03,662.48,34.01,No,No,0,0,1
253879.4828,550.0,313.87,44.52,No,No,0,0,1
323895.5717,550.0,600.0,43.0,No,Yes,0,1,1
194915.0189,1030.3,248.55,28.43,No,Yes,0,1,1
148922.7213,550.0,275.54,19.31,No,No,0,0,1
434618.9425,1558.03,572.2,3.78,No,No,0,0,1
100454.2202,550.0,373.21,28.5,No,No,0,0,1
274641.4696,1432.58,894.26,18.24,No,No,0,0,1
139220.3462,797.81,859.48,15.99,No,Yes,0,1,1
469224.3919,1269.91,799.79,17.36,Yes,No,1,0,1
405985.2649,1803.59,136.85,8.95,Yes,Yes,1,1,1
108316.6944,550.0,496.33,48.02,No,Yes,0,1,1
634236.6517,1479.65,469.03,1.51,No,No,0,0,1
115582.8138,550.0,155.03,49.64,No,No,0,0,1
155192.2549,550.0,224.19,7.13,Yes,No,1,0,1
221604.3822,1030.61,1131.48,21.85,Yes,No,1,0,1
391482.9572,1260.83,790.43,51.64,Yes,No,1,0,1
138522.2516,550.0,855.73,41.36,No,No,0,0,1
277576.4536,1232.47,158.27,45.65,Yes,Yes,1,1,1
200794.2658,1195.55,445.23,29.9,No,Yes,0,1,1
388822.7101,550.0,111.45,33.57,Yes,No,1,0,1
502681.1407,1599.99,525.08,12.36,No,Yes,0,1,1
257261.2663,863.89,768.97,19.11,No,No,0,0,1
558091.1803,1117.64,1111.76,21.99,Yes,No,1,0,1
284664.4704,1647.02,416.46,9.74,Yes,No,1,0,1
238735.4337,563.95,358.21,7.32,No,No,0,0,1
233192.9191,952.41,253.48,32.81,No,No,0,0,1
219438.7073,1294.79,622.3,44.34,Yes,No,1,0,1
299562.5482,715.39,398.03,59.49,No,No,0,0,1
94893.72949,550.0,375.04,3.77,No,No,0,0,1
144546.0256,550.0,773.12,29.87,No,No,0,0,1
276745.1316,550.0,519.1,23.41,No,No,0,0,1
243095.2922,819.87,516.74,19.64,No,No,0,0,1
144095.3205,999.43,431.74,43.76,Yes,No,1,0,1
527517.4762,1476.57,711.54,48.08,No,No,0,0,1
172170.5016,1152.07,335.95,6.0,No,No,0,0,1
294184.9964,754.89,552.49,14.42,No,Yes,0,1,1
126326.4729,550.0,249.68,39.55,No,Yes,0,1,1
801352.1832,1886.86,257.81,19.25,No,No,0,0,1
291554.8425,1133.97,498.38,12.98,No,No,0,0,1
268660.3877,550.0,191.07,44.56,No,No,0,0,1
406620.216,1383.14,291.71,17.3,No,No,0,0,1
265806.8971,1264.32,643.59,37.79,No,No,0,0,1
311079.6871,2181.96,819.81,9.9,Yes,No,1,0,1
313837.4258,760.98,811.64,19.6,Yes,Yes,1,1,1
265184.1466,1384.6,246.71,51.13,No,No,0,0,1
314011.1561,1574.12,342.59,11.23,No,Yes,0,1,1
224462.6259,550.0,404.19,45.38,No,No,0,0,1
216027.484,950.3,668.11,5.14,No,Yes,0,1,1
243836.8679,940.49,622.82,32.99,No,Yes,0,1,1
333808.6597,1337.64,232.02,45.72,No,No,0,0,1
106660.6252,657.43,886.83,65.15,No,Yes,0,1,1
299295.496,1285.02,507.52,5.25,No,No,0,0,1
620643.526,2027.42,659.36,16.38,Yes,Yes,1,1,1
243314.3963,924.31,860.94,47.7,Yes,No,1,0,1
286863.768,550.0,338.63,14.47,Yes,No,1,0,1
312914.8435,1186.64,775.84,34.22,No,Yes,0,1,1
437594.4926,1365.18,1306.51,18.31,No,Yes,0,1,1
190286.3937,1287.85,587.45,18.23,No,Yes,0,1,1
139014.6639,1135.53,638.61,39.12,No,No,0,0,1
285480.6974,550.0,214.99,30.25,No,Yes,0,1,1
664778.3726,1333.31,378.03,54.59,Yes,No,1,0,1
234702.934,1033.18,938.16,35.33,Yes,No,1,0,1
277124.1579,1102.88,1004.95,35.8,No,Yes,0,1,1
596871.5103,2186.62,741.75,25.63,No,Yes,0,1,1
171563.133,550.0,1023.45,3.96,Yes,Yes,1,1,1
620485.497,1093.37,640.98,51.03,No,No,0,0,1
166401.0351,1573.03,220.63,4.89,No,Yes,0,1,1
155966.8368,675.65,335.64,54.64,Yes,Yes,1,1,1
243713.4611,1584.32,757.21,5.91,No,Yes,0,1,1
364915.3492,1328.73,780.46,29.1,No,Yes,0,1,1
317209.8854,995.87,108.22,39.62,No,No,0,0,1
89507.31472,1015.18,568.72,36.93,No,No,0,0,1
168172.0172,550.0,126.98,57.93,Yes,No,1,0,1
107426.5406,550.0,192.55,38.99,No,Yes,0,1,1
87592.69696,550.0,403.16,7.11,No,No,0,0,1
174603.251,852.22,368.43,39.06,No,No,0,0,1
668152.1142,1061.61,117.16,14.98,Yes,No,1,0,1
114055.9299,795.56,18.23,29.24,Yes,No,1,0,1
379709.2558,1778.46,657.76,63.4,No,Yes,0,1,1
184345.9638,955.54,499.79,30.07,Yes,No,1,0,1
647940.0255,1370.88,970.89,28.58,No,No,0,0,1
152156.6843,550.0,752.61,25.2,No,No,0,0,1
577973.6383,1684.91,678.12,18.72,No,No,0,0,1
164053.6481,824.59,120.83,24.56,No,No,0,0,1
220116.8995,1510.32,688.98,44.06,No,No,0,0,1
347992.3326,1374.36,154.9,36.29,Yes,No,1,0,1
407982.6534,1062.68,748.12,4.62,No,Yes,0,1,1
495983.2214,767.25,25.4,21.67,Yes,Yes,1,1,1
351533.8074,1218.48,428.84,35.24,No,No,0,0,1
263045.3486,594.6,207.14,34.0,Yes,No,1,0,1
231689.9809,727.05,183.98,8.71,No,No,0,0,1
100671.6346,1789.94,407.92,44.43,No,No,0,0,1
228320.9626,765.54,65.01,39.42,No,No,0,0,1
455923.3553,550.0,551.02,20.39,No,No,0,0,1
145622.0632,558.05,723.46,4.77,No,No,0,0,1
458837.414,1421.05,788.01,43.06,Yes,No,1,0,1
125356.8514,550.0,713.06,65.56,No,Yes,0,1,1
386853.4093,594.82,30.06,16.17,No,Yes,0,1,1
504576.2147,1536.89,26.83,33.68,No,No,0,0,1
290723.6744,573.09,71.09,25.32,No,No,0,0,1
249253.7187,550.0,397.33,72.06,No,Yes,0,1,1
172082.2746,1253.45,670.26,21.08,Yes,Yes,1,1,1
701063.0109,1359.74,15.23,11.51,Yes,No,1,0,1
255223.1838,843.63,573.22,9.81,No,No,0,0,1
276946.0848,986.66,490.08,46.58,No,No,0,0,1
527403.0778,1421.49,1145.54,5.94,No,No,0,0,1
106858.1898,550.0,498.66,23.66,Yes,Yes,1,1,1
473517.8678,855.68,556.58,14.53,Yes,No,1,0,1
173749.1011,550.0,80.0,62.86,Yes,No,1,0,1
174112.8032,557.05,674.88,24.17,No,Yes,0,1,1
273206.7468,614.25,195.47,46.95,No,No,0,0,1
106203.7719,736.55,458.72,33.88,Yes,Yes,1,1,1
392429.0313,1755.48,140.31,32.19,Yes,No,1,0,1
292651.1657,587.88,421.5,47.85,No,Yes,0,1,1
137434.8608,1536.98,267.89,23.77,No,Yes,0,1,1
241637.9918,1431.8,487.22,56.36,No,No,0,0,1
728016.4966,1511.32,730.62,49.65,No,Yes,0,1,1
450754.4439,1169.09,688.39,54.04,No,No,0,0,1
184023.9313,1005.49,330.77,36.35,Yes,Yes,1,1,1
129585.866,550.0,773.29,7.32,No,No,0,0,1
189464.8595,806.32,213.07,15.42,Yes,Yes,1,1,1
192709.4402,550.0,133.63,61.86,Yes,Yes,1,1,1
87553.43304,921.39,140.16,49.43,No,Yes,0,1,1
294734.4667,1380.15,439.64,50.0,Yes,No,1,0,1
266314.2278,1942.55,1089.4,23.0,No,No,0,0,1
592114.7018,1158.05,173.55,34.8,No,No,0,0,1
172264.1938,976.39,292.84,66.65,No,Yes,0,1,1
451392.1117,1303.24,989.25,25.71,No,Yes,0,1,1
189542.5624,846.02,272.41,35.7,No,No,0,0,1
154377.7289,1052.22,550.11,42.21,No,No,0,0,1
247646.9723,550.0,496.29,21.44,Yes,No,1,0,1
115076.6196,992.46,358.12,51.91,No,No,0,0,1
325171.012,1385.96,47.23,16.35,No,No,0,0,1
404649.8598,1952.95,539.04,18.03,Yes,No,1,0,1
268498.1044,1396.11,149.42,46.15,No,Yes,0,1,1
244151.4962,976.06,692.25,10.8,No,Yes,0,1,1
542507.0004,1179.85,28.74,40.75,Yes,Yes,1,1,1
257834.9712,550.0,753.8,14.54,Yes,No,1,0,1
446524.2008,550.0,720.12,35.58,No,Yes,0,1,1
523759.2625,1346.45,512.67,30.96,No,Yes,0,1,1
214599.2362,1034.3,193.7,21.15,No,No,0,0,1
411991.4629,1026.67,273.07,53.39,No,No,0,0,1
209226.8989,1502.69,195.91,3.82,Yes,Yes,1,1,1
235726.9397,550.0,93.26,7.27,Yes,Yes,1,1,1
220458.9936,901.6,628.48,25.15,No,No,0,0,1
326257.5547,560.07,428.93,25.01,No,No,0,0,1
195380.3873,550.0,201.96,40.06,No,Yes,0,1,1
200222.2152,867.61,154.71,14.86,Yes,Yes,1,1,1
115898.4252,1038.87,58.41,62.24,No,Yes,0,1,1
310388.4997,1023.19,937.47,10.89,Yes,No,1,0,1
498427.3212,1593.93,328.26,36.44,No,No,0,0,1
175804.0395,550.0,345.76,28.49,No,No,0,0,1
333119.4581,1312.07,1016.73,43.54,No,No,0,0,1
272175.1689,550.0,78.01,38.2,No,Yes,0,1,1
180489.4816,732.98,646.2,24.02,No,Yes,0,1,1
178832.3372,834.54,1030.56,12.35,No,No,0,0,1
246774.391,758.5,380.34,20.19,No,No,0,0,1
367857.0917,1399.45,951.7,33.02,No,No,0,0,1
352118.863,1689.64,417.65,14.38,Yes,No,1,0,1
436686.29,1689.2,740.25,14.54,No,Yes,0,1,1
266635.8168,1821.0,553.0,16.65,Yes,Yes,1,1,1
216118.7539,782.67,510.22,33.65,Yes,No,1,0,1
381030.2686,1138.02,624.6,28.96,Yes,No,1,0,1
445123.7902,710.01,47.38,3.23,No,Yes,0,1,1
290193.7822,1413.97,613.62,12.75,No,Yes,0,1,1
146184.7259,550.0,429.64,58.68,No,No,0,0,1
167505.027,550.0,358.44,33.05,No,No,0,0,1
338592.5273,1181.68,157.44,28.71,No,Yes,0,1,1
126734.4481,629.66,157.02,14.66,Yes,No,1,0,1
106573.5554,958.52,856.39,36.15,Yes,No,1,0,1
429336.5244,1249.39,499.06,15.52,No,No,0,0,1
307431.951,2041.61,831.25,50.41,Yes,No,1,0,1
192298.4441,550.67,546.54,40.36,No,No,0,0,1
348718.2566,1269.7,792.87,29.09,No,Yes,0,1,1
253793.309,786.83,459.72,33.12,No,No,0,0,1
324138.1524,550.0,797.71,37.65,Yes,No,1,0,1
209459.8706,818.4,740.32,1.36,No,No,0,0,1
311554.6722,550.0,63.74,20.59,No,No,0,0,1
166416.1392,1384.34,514.0,56.25,No,Yes,0,1,1
387598.4927,1630.18,513.19,3.33,Yes,Yes,1,1,1
293436.3778,1402.62,716.27,56.54,Yes,No,1,0,1
559270.6017,927.23,675.93,16.65,No,Yes,0,1,1
275386.7579,840.53,710.01,14.97,No,No,0,0,1
123995.3891,1197.81,628.9,2.21,Yes,Yes,1,1,1
185993.6128,692.3,475.8,7.83,No,No,0,0,1
347272.8982,1137.9,627.53,28.49,No,No,0,0,1
168852.6152,1572.19,278.54,37.99,No,No,0,0,1
274219.2224,550.0,286.94,32.64,No,Yes,0,1,1
220880.9254,550.0,480.89,0.75,No,Yes,0,1,1
436583.3912,763.08,259.31,53.7,Yes,No,1,0,1
264995.9968,1768.98,599.24,38.64,No,Yes,0,1,1
180264.3626,550.0,40.9,37.83,Yes,Yes,1,1,1
311390.3588,1201.92,546.82,30.9,Yes,Yes,1,1,1
244642.5188,834.23,551.58,19.97,No,No,0,0,1
147432.4916,610.18,323.85,39.15,Yes,Yes,1,1,1
169045.8255,592.53,756.19,2.77,No,No,0,0,1
140598.8579,550.0,426.87,44.32,Yes,No,1,0,1
247071.616,800.99,642.05,37.22,No,Yes,0,1,1
160568.0355,853.13,742.75,22.08,No,Yes,0,1,1
181325.5549,550.0,2.21,35.82,No,Yes,0,1,1
403407.0994,1428.71,959.21,22.77,No,Yes,0,1,1
229290.5403,550.0,482.35,49.75,No,No,0,0,1
331012.6022,1253.88,381.02,28.24,No,No,0,0,1
297790.4311,901.11,914.75,17.68,No,No,0,0,1
109519.9162,550.0,688.6,50.9,Yes,No,1,0,1
228840.023,1116.57,378.34,65.58,No,Yes,0,1,1
164642.1452,1126.81,572.81,8.75,Yes,Yes,1,1,1
368724.117,1719.91,524.54,35.11,No,No,0,0,1
716433.5331,1740.34,831.82,19.57,No,Yes,0,1,1
301249.9623,1476.26,256.84,38.87,No,No,0,0,1
191719.6633,550.0,655.46,52.51,No,No,0,0,1
109352.9138,550.0,621.84,52.63,Yes,No,1,0,1
112111.933,550.0,329.86,66.59,No,No,0,0,1
292428.3672,796.45,787.55,34.52,No,No,0,0,1
285671.5703,918.67,128.41,27.92,Yes,No,1,0,1
740112.2268,2547.46,207.78,0.54,No,No,0,0,1
132210.7474,1148.42,411.71,7.21,Yes,Yes,1,1,1
123607.752,550.0,476.85,52.05,No,Yes,0,1,1
107785.5137,550.0,316.28,32.55,Yes,Yes,1,1,1
560377.0145,2033.79,123.13,67.68,Yes,No,1,0,1
445000.4992,889.12,682.57,20.27,No,Yes,0,1,1
585904.7904,1569.27,418.54,25.32,No,No,0,0,1
548801.6252,1559.46,615.76,1.75,No,No,0,0,1
454510.2017,974.21,712.49,53.26,Yes,No,1,0,1
247871.7929,550.0,136.51,49.92,No,No,0,0,1
169035.3533,550.0,486.27,12.81,No,Yes,0,1,1
294636.4247,1101.3,224.69,12.71,Yes,No,1,0,1
335479.1449,1149.79,294.11,31.28,No,No,0,0,1
174486.9737,826.39,409.46,0.06,No,No,0,0,1
161024.8989,811.12,545.38,6.38,Yes,No,1,0,1
341453.6385,708.49,937.85,34.27,No,Yes,0,1,1
366320.0461,620.16,672.99,17.78,No,No,0,0,1
384302.9634,1647.88,605.78,39.02,Yes,No,1,0,1
369374.0785,1010.29,172.3,32.07,No,No,0,0,1
133195.6287,550.0,185.79,29.97,No,Yes,0,1,1
187035.2859,1233.61,871.0,28.97,No,No,0,0,1
390743.2922,901.73,110.39,33.46,Yes,No,1,0,1
533515.2737,1686.78,321.81,16.01,No,Yes,0,1,1
447754.7187,1729.89,190.17,12.56,Yes,Yes,1,1,1
203826.3253,646.73,213.15,34.81,No,Yes,0,1,1
299748.049,1292.68,543.48,32.08,Yes,No,1,0,1
176180.2675,550.0,239.61,35.65,No,No,0,0,1
141906.3328,550.0,402.81,1.55,No,No,0,0,1
166410.2939,550.0,452.06,29.42,No,Yes,0,1,1
220449.0188,641.92,728.7,1.13,No,No,0,0,1
167060.5385,735.97,144.0,43.21,No,No,0,0,1
595309.7115,597.95,684.18,29.81,Yes,Yes,1,1,1
238031.5034,660.3,840.21,18.93,No,No,0,0,1
294966.6083,1202.35,311.3,39.48,No,No,0,0,1
387022.6954,1015.9,512.55,70.59,No,No,0,0,1
358954.4705,1211.73,516.89,21.83,No,No,0,0,1
182090.5999,591.9,790.45,50.95,No,Yes,0,1,1
306499.0732,741.18,235.79,30.89,No,Yes,0,1,1
239145.3146,759.92,237.53,19.42,No,No,0,0,1
147605.9,829.85,560.84,50.89,No,No,0,0,1
223834.2497,550.0,97.11,0.22,No,No,0,0,1
147751.6192,707.6,823.29,32.6,Yes,No,1,0,1
172946.3162,1259.57,703.53,27.75,Yes,No,1,0,1
106683.0052,728.73,699.78,8.5,No,Yes,0,1,1
377484.9406,2054.6,217.02,6.62,No,No,0,0,1
259129.7683,1841.53,880.97,6.79,No,Yes,0,1,1
221652.5832,556.8,963.36,13.49,No,No,0,0,1
183995.1525,1286.07,187.63,54.68,Yes,Yes,1,1,1
439736.5995,1054.45,571.38,43.91,No,No,0,0,1
325228.2416,611.55,846.64,35.99,Yes,No,1,0,1
277072.5336,1335.94,242.77,49.05,No,No,0,0,1
126781.413,579.44,511.53,43.53,No,No,0,0,1
118293.0448,550.0,47.03,52.37,Yes,No,1,0,1
408199.614,818.85,123.91,32.19,No,Yes,0,1,1
317286.8387,876.47,506.68,43.73,Yes,No,1,0,1
237747.1793,1123.28,274.49,53.25,No,Yes,0,1,1
368140.5532,1131.08,127.93,27.75,No,No,0,0,1
190796.713,550.0,382.66,32.19,No,Yes,0,1,1
130991.5648,550.0,71.09,31.67,No,No,0,0,1
373566.5159,1484.35,513.61,43.1,Yes,Yes,1,1,1
181623.4481,1104.41,848.77,25.92,No,No,0,0,1
247757.2793,1208.48,463.28,2.83,Yes,No,1,0,1
637845.1546,1749.76,920.71,17.61,No,Yes,0,1,1
198737.0467,774.15,294.12,51.73,No,No,0,0,1
269320.9444,550.0,357.36,36.28,Yes,Yes,1,1,1
105014.6275,568.77,183.39,12.68,Yes,Yes,1,1,1
236852.6988,1611.13,289.96,33.11,Yes,Yes,1,1,1
140335.5584,550.0,493.67,62.72,No,No,0,0,1
379303.0371,966.94,674.08,6.77,No,No,0,0,1
481586.8265,1363.77,1012.71,4.34,No,Yes,0,1,1
557984.5278,1325.14,176.86,51.31,Yes,Yes,1,1,1
621514.0038,647.08,5.52,34.31,Yes,Yes,1,1,1
102435.3805,550.0,37.87,33.88,No,Yes,0,1,1
208616.2079,1051.87,323.72,40.07,No,Yes,0,1,1
95474.22338,726.76,919.43,28.83,No,No,0,0,1
355748.8956,1444.86,733.19,2.48,No,No,0,0,1
431632.9844,1771.64,355.7,44.15,No,Yes,0,1,1
186967.2311,572.31,467.86,3.74,Yes,No,1,0,1
409837.8844,550.0,378.27,28.68,No,No,0,0,1
470749.5279,1367.75,829.6,28.33,Yes,No,1,0,1
344345.3157,550.0,584.5,38.03,No,No,0,0,1
105457.0652,550.0,173.56,36.25,No,No,0,0,1
335858.8406,1330.52,902.12,29.26,No,Yes,0,1,1
330874.5842,707.95,1040.66,10.21,No,No,0,0,1
182404.964,1658.43,460.71,18.86,Yes,No,1,0,1
157016.0229,707.44,1199.93,60.29,No,Yes,0,1,1
171020.9746,550.0,64.6,6.1,No,Yes,0,1,1
475149.7195,1004.72,263.69,18.06,No,No,0,0,1
127201.7428,1200.6,811.38,44.76,Yes,Yes,1,1,1
425016.2084,562.23,438.45,32.09,No,Yes,0,1,1
179111.0641,1006.58,767.78,12.09,Yes,Yes,1,1,1
441797.6611,1144.82,273.57,27.22,No,No,0,0,1
383062.9673,1114.36,505.49,26.67,Yes,No,1,0,1
183050.1678,676.56,552.24,30.05,No,No,0,0,1
214792.7871,550.0,185.8,18.59,Yes,Yes,1,1,1
210386.9226,1170.14,757.79,49.75,Yes,Yes,1,1,1
284128.3875,550.0,807.34,22.01,No,No,0,0,1
658930.854,2046.36,804.37,76.28,No,No,0,0,1
223631.1761,1077.07,704.37,55.86,No,No,0,0,1
458718.1038,1386.95,387.79,40.65,Yes,No,1,0,1
355520.0706,1386.67,662.07,46.04,Yes,No,1,0,1
303812.3481,550.0,133.69,30.57,Yes,Yes,1,1,1
321465.721,551.61,547.19,35.1,No,No,0,0,1
176071.022,1005.18,800.06,37.95,No,No,0,0,1
321142.0997,1625.2,30.27,13.9,No,No,0,0,1
293853.7085,1204.2,264.73,38.88,No,No,0,0,1
117408.8394,778.08,282.42,48.16,Yes,No,1,0,1
358166.2244,1027.22,166.11,17.4,No,Yes,0,1,1
488321.9791,1941.44,28.23,39.35,Yes,Yes,1,1,1
266132.3364,1161.71,774.41,0.81,No,Yes,0,1,1
135240.9527,550.0,175.5,45.15,No,Yes,0,1,1
269500.4758,550.0,720.95,35.34,No,No,0,0,1
296420.9407,853.49,278.3,13.94,No,No,0,0,1
352245.6365,1352.6,589.73,12.81,No,Yes,0,1,1
108036.1452,550.0,467.4,6.44,No,No,0,0,1
469787.4253,1015.62,1127.22,73.91,No,No,0,0,1
242474.8316,1054.14,308.78,44.33,No,Yes,0,1,1
195394.7271,550.0,609.16,16.42,No,No,0,0,1
423666.1849,1164.87,501.71,64.9,No,Yes,0,1,1
649298.622,1316.59,163.96,20.24,No,No,0,0,1
552908.7589,1620.01,891.11,35.77,No,No,0,0,1
340049.7139,550.0,171.28,35.73,No,Yes,0,1,1
139838.0712,622.83,135.44,63.91,No,No,0,0,1
394748.4104,1101.32,627.87,30.98,No,No,0,0,1
331474.4211,550.0,696.52,62.44,No,No,0,0,1
420596.5449,2482.45,798.67,11.72,No,No,0,0,1
148936.4237,550.0,879.06,31.85,No,No,0,0,1
237289.5945,1343.88,1154.36,5.55,No,No,0,0,1
477659.6964,1564.88,697.54,37.87,No,No,0,0,1
241973.132,840.88,221.11,56.24,No,Yes,0,1,1
214542.4035,550.0,340.36,14.6,Yes,No,1,0,1
515634.3517,1049.9,310.73,63.55,No,No,0,0,1
178277.2988,783.68,540.28,22.14,No,No,0,0,1
118005.4383,550.0,593.96,35.67,Yes,Yes,1,1,1
233930.5767,847.13,1113.81,40.58,Yes,No,1,0,1
358519.7049,1864.95,855.28,16.03,Yes,No,1,0,1
439467.0557,1176.06,509.53,40.06,No,Yes,0,1,1
579828.7902,1197.95,424.29,2.54,No,Yes,0,1,1
340846.2192,803.24,396.68,61.57,No,No,0,0,1
103906.7701,550.0,576.33,29.73,No,Yes,0,1,1
303263.1002,1026.89,149.28,31.68,No,No,0,0,1
454814.8805,1395.6,644.65,21.54,Yes,No,1,0,1
262885.2504,926.39,285.3,28.9,No,No,0,0,1
444323.1819,2196.04,534.15,31.09,No,Yes,0,1,1
379378.2464,1228.67,255.69,20.08,Yes,No,1,0,1
516899.9028,1457.02,193.61,66.17,No,No,0,0,1
317864.72,1467.32,556.03,11.02,No,No,0,0,1
99796.15875,550.0,424.57,18.32,No,Yes,0,1,1
183644.5634,991.61,630.77,26.79,No,No,0,0,1
265923.2631,550.0,529.51,19.67,No,Yes,0,1,1
458340.5494,989.83,481.62,17.58,No,Yes,0,1,1
515034.703,1294.28,781.13,25.49,No,No,0,0,1
239890.6814,550.0,9.28,2.23,No,Yes,0,1,1
113473.0186,574.11,513.85,38.11,No,No,0,0,1
202333.7397,740.44,703.92,8.61,No,No,0,0,1
162320.7656,999.91,544.9,33.14,Yes,No,1,0,1
179304.2649,1073.25,843.34,25.57,No,Yes,0,1,1
146327.6155,550.0,874.61,43.33,No,Yes,0,1,1
362669.4953,861.09,259.3,32.52,No,No,0,0,1
178287.6262,1275.64,514.5,18.05,No,No,0,0,1
203330.5476,800.65,924.14,28.2,No,No,0,0,1
389246.5963,1096.37,515.33,75.94,Yes,No,1,0,1
169245.1904,550.0,188.4,15.88,No,Yes,0,1,1
230955.7823,550.0,716.21,11.33,Yes,No,1,0,1
478604.9413,1778.42,89.94,13.36,No,No,0,0,1
99201.47008,550.0,698.47,41.82,No,Yes,0,1,1
169669.0713,1153.38,843.0,6.17,No,No,0,0,1
191978.5615,550.0,727.82,36.87,No,Yes,0,1,1
525579.2303,1656.84,433.85,58.15,No,Yes,0,1,1
363172.6963,687.1,582.15,20.61,No,No,0,0,1
429467.2941,1109.72,44.17,23.55,No,No,0,0,1
118339.1469,1336.58,938.65,48.3,No,No,0,0,1
130151.0263,652.13,428.53,34.3,No,No,0,0,1
188495.1353,1251.57,860.35,38.4,Yes,Yes,1,1,1
110478.7079,550.0,509.05,15.73,No,No,0,0,1
722695.5967,1345.36,218.21,14.77,Yes,Yes,1,1,1
248443.0907,971.06,757.35,7.36,No,Yes,0,1,1
222835.941,713.43,646.91,22.11,No,No,0,0,1
229907.5308,550.0,1035.56,32.58,No,Yes,0,1,1
649144.8176,2173.66,713.77,12.95,No,No,0,0,1
158795.2187,550.0,699.72,44.59,No,No,0,0,1
295696.8424,982.14,719.34,29.47,Yes,No,1,0,1
444847.9144,1813.67,575.13,10.48,No,No,0,0,1
610665.3734,1488.74,497.92,13.92,No,Yes,0,1,1
260584.5972,1032.2,582.38,1.39,No,No,0,0,1
223352.04,641.56,515.97,22.57,Yes,No,1,0,1
605332.7378,1972.1,934.26,19.44,No,Yes,0,1,1
449874.4741,1381.99,401.84,58.52,Yes,No,1,0,1
476766.0442,964.27,623.13,25.83,Yes,No,1,0,1
237711.8506,749.78,502.64,20.61,No,No,0,0,1
138983.7605,690.56,521.09,57.03,No,No,0,0,1
674874.6858,1420.97,888.93,47.68,Yes,No,1,0,1
168961.3183,593.33,522.54,26.44,No,Yes,0,1,1
147636.2983,824.72,202.39,50.74,No,No,0,0,1
728981.4251,1484.11,669.33,3.52,No,No,0,0,1
671258.9396,1653.2,853.9,39.52,Yes,No,1,0,1
228969.0716,550.0,69.49,11.04,No,No,0,0,1
136992.0677,1190.94,605.16,7.87,No,Yes,0,1,1
653098.2287,1292.55,692.31,24.5,Yes,Yes,1,1,1
129436.3972,854.32,87.62,18.81,Yes,No,1,0,1
317623.7007,1305.44,401.45,12.72,No,No,0,0,1
260065.2432,744.96,590.96,52.28,No,No,0,0,1
458228.8181,1711.71,1013.39,41.84,Yes,No,1,0,1
380930.7666,770.74,372.5,6.0,No,Yes,0,1,1
120021.2617,550.0,641.16,41.81,No,No,0,0,1
410505.7881,1037.77,22.57,60.16,No,Yes,0,1,1
134547.8645,550.0,335.59,52.64,No,Yes,0,1,1
446895.5184,949.45,540.27,10.59,No,Yes,0,1,1
392080.7921,829.16,367.52,56.49,No,Yes,0,1,1
350743.6955,1413.16,554.43,9.33,No,No,0,0,1
218544.2298,795.13,1110.65,46.56,No,Yes,0,1,1
206442.1435,1495.88,764.44,25.55,No,Yes,0,1,1
259413.2253,1172.05,631.0,36.56,No,No,0,0,1
125330.8811,1000.46,354.08,37.13,No,No,0,0,1
375807.7968,1376.82,636.25,44.6,No,Yes,0,1,1
256951.685,850.9,166.22,6.79,No,No,0,0,1
492346.072,2047.85,667.98,28.65,No,Yes,0,1,1
111387.8426,550.0,406.06,28.88,No,Yes,0,1,1
140480.1178,550.0,336.71,65.43,No,No,0,0,1
298550.7118,550.0,258.5,9.22,No,Yes,0,1,1
448388.3903,1003.08,553.67,38.64,No,Yes,0,1,1
178847.5692,905.66,1061.04,29.67,Yes,No,1,0,1
313865.4735,607.23,468.05,52.82,No,Yes,0,1,1
209281.8858,795.02,505.39,39.19,No,Yes,0,1,1
479347.3542,2014.53,349.18,31.28,No,Yes,0,1,1
241370.1502,930.21,566.0,40.66,No,No,0,0,1
420008.0172,2034.08,230.2,6.35,No,Yes,0,1,1
260597.4029,1108.96,523.92,36.58,No,No,0,0,1
494047.2404,1169.3,376.64,53.9,No,No,0,0,1
513305.2882,1280.42,281.29,23.65,No,Yes,0,1,1
221980.481,584.56,675.47,49.66,No,Yes,0,1,1
226476.069,602.49,489.82,19.38,Yes,Yes,1,1,1
442888.6542,1451.42,414.73,50.98,No,No,0,0,1
104515.8155,550.0,710.29,73.48,No,No,0,0,1
471933.5698,2228.78,8.42,19.35,Yes,No,1,0,1
376806.9077,961.97,301.57,8.25,Yes,Yes,1,1,1
360383.6609,550.0,145.93,10.7,Yes,Yes,1,1,1
198803.6428,834.57,439.92,22.32,No,Yes,0,1,1
227750.252,857.34,139.8,37.9,No,No,0,0,1
292000.4039,974.78,754.78,58.37,No,No,0,0,1
319296.6176,550.0,903.12,12.23,No,Yes,0,1,1
348788.7039,1245.36,727.46,48.94,No,No,0,0,1
323911.7643,550.0,230.72,38.85,No,No,0,0,1
591379.3687,1434.95,1010.57,44.04,No,No,0,0,1
262216.334,1198.31,747.07,41.41,No,No,0,0,1
111532.0583,906.08,702.68,32.39,No,No,0,0,1
301123.5065,1295.36,46.4,44.02,Yes,Yes,1,1,1
197930.0233,765.15,469.24,15.01,No,No,0,0,1
368004.9107,1326.19,444.04,47.6,Yes,No,1,0,1
340697.6327,1358.99,346.6,51.8,No,Yes,0,1,1
222754.4147,901.84,280.13,43.2,Yes,No,1,0,1
335423.1111,811.92,19.64,21.89,No,No,0,0,1
237801.2117,914.6,547.89,39.49,Yes,Yes,1,1,1
363179.2547,963.49,593.93,35.6,No,No,0,0,1
702986.559,1561.0,643.29,16.36,No,No,0,0,1
387702.7452,1014.08,276.56,20.73,No,No,0,0,1
498591.0251,787.09,828.23,12.78,No,Yes,0,1,1
313402.4745,820.98,285.53,5.74,No,Yes,0,1,1
112495.9077,562.94,494.66,64.36,Yes,No,1,0,1
597680.795,839.82,700.17,3.51,No,Yes,0,1,1
407702.4333,1175.26,60.38,6.64,Yes,No,1,0,1
438060.8193,1553.57,844.06,18.8,No,Yes,0,1,1
228007.9217,745.2,642.3,9.3,No,Yes,0,1,1
149637.461,897.47,112.36,46.24,Yes,Yes,1,1,1
545986.41,897.54,1032.54,7.54,No,Yes,0,1,1
158374.7565,600.01,922.82,23.37,No,Yes,0,1,1
362288.7938,988.77,791.05,24.97,No,Yes,0,1,1
553869.8339,1943.54,418.46,28.06,Yes,No,1,0,1
249996.7756,728.24,616.13,41.13,No,No,0,0,1
357602.1174,1404.58,508.44,6.07,Yes,No,1,0,1
258264.0576,1324.79,445.99,56.28,No,No,0,0,1
465727.5718,1754.22,635.61,4.6,No,Yes,0,1,1
284453.0662,1228.73,479.01,26.91,No,No,0,0,1
195818.9389,550.0,644.38,1.16,No,No,0,0,1
425329.428,841.64,642.0,28.13,No,No,0,0,1
544573.6443,1031.45,355.85,25.33,No,No,0,0,1
340131.4768,1017.71,552.38,2.9,No,No,0,0,1
262084.584,818.79,897.01,7.0,Yes,No,1,0,1
267071.2183,1151.39,1200.29,32.37,No,No,0,0,1
323049.1251,550.0,466.04,43.48,No,No,0,0,1
436059.7709,1081.25,861.93,12.81,No,Yes,0,1,1
228529.6801,1313.71,839.16,39.14,No,Yes,0,1,1
225040.9524,783.91,1092.25,77.48,No,No,0,0,1
420670.8592,1195.25,443.95,7.66,No,Yes,0,1,1
281768.783,550.0,935.23,51.79,No,No,0,0,1
395455.9143,1454.5,393.24,33.38,Yes,No,1,0,1
147100.1732,550.0,826.02,37.92,No,No,0,0,1
395342.5076,1207.99,617.54,0.41,No,Yes,0,1,1
210296.1478,1460.2,606.25,57.54,No,No,0,0,1
179707.2477,550.0,250.64,17.19,No,No,0,0,1
231996.3563,1410.37,380.29,34.45,Yes,No,1,0,1
550819.4833,976.42,22.64,45.98,No,No,0,0,1
506588.2279,1937.36,471.75,33.14,No,No,0,0,1
318574.8172,1109.14,358.51,51.45,No,No,0,0,1
129388.2699,550.0,902.1,39.23,No,Yes,0,1,1
621039.3751,1134.03,984.12,12.9,No,No,0,0,1
264770.1768,1613.59,1070.89,8.74,No,No,0,0,1
362670.4233,1256.39,592.6,24.11,No,No,0,0,1
159865.7763,1373.24,249.93,18.73,No,Yes,0,1,1
135171.2247,946.9,596.87,25.8,Yes,Yes,1,1,1
338874.9432,746.19,175.3,42.92,No,No,0,0,1
207916.0652,735.48,812.71,14.21,No,Yes,0,1,1
253804.8412,713.07,845.74,5.94,No,No,0,0,1
413716.1285,1492.21,943.07,11.54,No,No,0,0,1
239473.8559,550.0,418.94,71.58,Yes,Yes,1,1,1
350815.0944,846.38,842.59,70.69,No,No,0,0,1
93040.74187,1506.92,657.32,22.06,No,No,0,0,1
631525.8582,1787.52,446.99,39.2,No,No,0,0,1
124117.4428,1253.92,254.82,29.29,Yes,No,1,0,1
480959.1294,1127.34,695.64,31.66,No,No,0,0,1
168395.9918,550.0,761.76,17.39,No,No,0,0,1
649669.2624,1481.17,866.11,22.61,No,No,0,0,1
153786.7746,550.32,833.79,29.54,No,Yes,0,1,1
304780.9044,676.94,504.16,6.87,No,No,0,0,1
260961.0197,982.34,94.79,17.67,No,No,0,0,1
412065.7793,870.7,836.51,15.37,No,Yes,0,1,1
307821.1758,550.0,892.35,11.89,No,Yes,0,1,1
242770.8674,550.0,719.3,5.62,No,Yes,0,1,1
439405.5189,1260.48,642.56,40.44,No,Yes,0,1,1
579376.8411,1662.55,929.42,36.44,Yes,No,1,0,1
263584.8855,1625.02,195.41,44.81,No,No,0,0,1
371056.8776,550.0,243.47,65.17,No,Yes,0,1,1
322889.1985,1241.4,663.77,49.7,No,No,0,0,1
352007.6445,1366.41,1067.16,0.58,No,No,0,0,1
298703.9825,865.23,519.56,21.44,Yes,No,1,0,1
203789.1138,550.0,274.94,36.12,No,No,0,0,1
486223.6836,1144.18,269.27,4.06,No,No,0,0,1
191567.1324,550.0,200.61,22.44,No,No,0,0,1
226085.6429,847.5,450.23,26.28,Yes,No,1,0,1
174009.5459,550.0,454.37,44.22,No,No,0,0,1
393730.3412,910.77,412.71,6.48,No,Yes,0,1,1
180812.6816,968.4,474.64,44.0,Yes,No,1,0,1
97214.25526,550.0,380.44,55.26,No,No,0,0,1
202350.4343,894.61,191.89,40.59,No,No,0,0,1
409990.2258,1900.51,815.84,32.11,No,Yes,0,1,1
343211.2567,695.85,1058.78,22.0,No,Yes,0,1,1
216777.2147,1278.78,60.41,63.64,Yes,No,1,0,1
107551.5454,550.0,762.56,41.02,No,No,0,0,1
285942.035,1064.7,853.17,35.88,No,No,0,0,1
270183.298,1136.53,29.91,52.44,Yes,No,1,0,1
315701.3441,1158.81,367.32,55.44,No,Yes,0,1,1
714639.506,1293.97,756.53,9.43,No,No,0,0,1
350210.6549,890.03,620.5,50.83,No,No,0,0,1
537768.8483,659.36,221.75,45.75,No,No,0,0,1
119661.8405,550.0,427.19,33.22,No,No,0,0,1
197713.3609,959.11,105.58,29.51,No,No,0,0,1
121473.7397,587.41,526.89,34.83,No,Yes,0,1,1
293993.3106,1233.39,1103.46,42.39,No,Yes,0,1,1
175056.4765,1208.75,574.9,48.69,No,No,0,0,1
250630.2176,952.71,313.49,28.18,No,No,0,0,1
365013.7557,1672.14,249.43,35.72,Yes,No,1,0,1
363917.0858,1226.92,137.5,24.6,No,No,0,0,1
261312.3182,704.82,492.72,3.62,No,No,0,0,1
277380.0021,1222.1,400.08,23.77,No,No,0,0,1
301554.775,746.96,335.93,26.65,Yes,Yes,1,1,1
294474.7962,1516.18,419.58,56.96,No,No,0,0,1
492082.8928,1216.56,624.93,8.96,No,No,0,0,1
86238.83042,550.0,65.14,37.18,Yes,No,1,0,1
112350.1734,1291.47,428.66,31.55,Yes,Yes,1,1,1
298228.7665,1306.61,585.89,43.38,No,No,0,0,1
314212.8878,1707.24,1155.6,70.95,No,Yes,0,1,1
413615.4089,1421.91,993.73,42.89,No,Yes,0,1,1
501300.8343,1551.69,962.41,37.62,No,No,0,0,1
453849.3753,976.05,481.87,37.47,No,No,0,0,1
377705.7939,1077.55,81.33,8.21,No,Yes,0,1,1
150242.8915,592.47,319.47,11.41,Yes,Yes,1,1,1
991274.4424,1901.93,674.85,15.8,Yes,Yes,1,1,1
454624.7953,1102.68,108.35,37.13,No,No,0,0,1
114219.9196,1168.01,335.34,80.41,No,No,0,0,1
451632.5014,1709.82,1019.27,10.72,No,No,0,0,1
345417.8795,919.65,1094.1,13.4,No,Yes,0,1,1
485288.7307,1356.81,472.25,1.61,No,No,0,0,1
508459.2489,1349.61,565.76,44.57,No,Yes,0,1,1
682957.6831,1946.87,815.24,3.88,No,No,0,0,1
152273.9906,1520.66,390.41,23.12,Yes,No,1,0,1
478765.379,1029.78,344.32,5.79,Yes,No,1,0,1
408698.952,1640.35,16.32,46.36,No,Yes,0,1,1
303848.0849,947.02,582.49,0.52,No,No,0,0,1
485823.7032,1214.26,608.01,13.04,No,Yes,0,1,1
324655.1221,1075.51,243.85,22.7,Yes,Yes,1,1,1
295611.038,774.56,1003.29,44.58,No,No,0,0,1
325843.6499,1554.05,609.36,40.46,No,No,0,0,1
429472.0052,789.19,718.26,37.2,Yes,Yes,1,1,1
173076.6515,793.9,254.51,83.35,No,No,0,0,1
274644.6068,1341.66,369.36,42.78,No,No,0,0,1
216655.028,679.29,889.96,24.35,No,No,0,0,1
432756.0642,1586.43,356.56,51.48,No,Yes,0,1,1
194939.3225,1029.58,536.85,0.22,No,Yes,0,1,1
298930.5856,837.79,745.25,31.19,No,No,0,0,1
335873.3856,1219.17,635.43,3.8,No,No,0,0,1
150688.617,717.8,524.78,33.84,No,Yes,0,1,1
89280.14708,550.0,278.16,15.87,Yes,No,1,0,1
416279.762,1184.28,320.38,41.76,Yes,Yes,1,1,1
194669.4038,550.0,477.22,61.35,No,No,0,0,1
582712.1101,1666.04,369.84,5.77,No,No,0,0,1
217355.5061,1371.91,906.34,3.62,No,No,0,0,1
312105.731,852.81,336.31,19.94,Yes,Yes,1,1,1
265426.7808,860.64,525.55,7.69,No,No,0,0,1
175174.4727,601.5,422.68,57.05,Yes,No,1,0,1
403775.1233,1010.97,591.17,46.24,No,No,0,0,1
202260.9904,550.0,431.09,8.16,Yes,No,1,0,1
413029.4084,1463.97,244.47,18.82,Yes,No,1,0,1
163368.2428,987.04,504.71,20.03,No,Yes,0,1,1
127826.9011,1289.57,575.73,50.43,No,No,0,0,1
152646.3897,550.0,422.08,16.03,No,No,0,0,1
134596.131,550.0,347.77,56.08,No,No,0,0,1
227867.0347,1029.81,24.46,27.11,Yes,No,1,0,1
207249.2201,779.94,66.42,34.3,Yes,No,1,0,1
124085.0562,660.24,534.92,36.51,No,No,0,0,1
290249.893,1020.35,114.53,28.17,No,No,0,0,1
271564.8979,714.31,380.52,32.9,No,Yes,0,1,1
380646.3154,1175.56,701.66,25.38,No,No,0,0,1
567107.0582,1154.13,599.28,40.54,No,Yes,0,1,1
642582.8348,948.98,689.82,27.86,No,Yes,0,1,1
179935.4661,899.97,688.21,3.59,Yes,Yes,1,1,1
480828.826,1211.22,590.32,7.51,No,Yes,0,1,1
277087.4016,1047.86,905.7,29.59,Yes,Yes,1,1,1
374306.8394,1199.76,456.96,5.69,No,Yes,0,1,1
423648.7103,1421.77,493.6,16.97,Yes,No,1,0,1
333004.9719,2130.05,839.07,26.12,No,No,0,0,1
210136.9152,1550.51,148.42,12.28,Yes,No,1,0,1
425217.6306,1967.05,1080.25,23.29,No,No,0,0,1
411627.6809,1003.5,382.44,62.58,No,No,0,0,1
452303.4089,922.31,314.82,47.2,Yes,Yes,1,1,1
255798.0539,905.99,584.18,1.93,Yes,No,1,0,1
334043.8965,1162.05,331.68,10.46,Yes,No,1,0,1
198408.6971,917.42,515.4,44.48,Yes,No,1,0,1
396697.5594,550.0,291.25,3.82,No,No,0,0,1
332887.2554,2369.85,403.31,22.5,No,No,0,0,1
339846.8397,550.0,31.28,79.44,Yes,No,1,0,1
411235.6714,2186.44,626.15,47.12,No,No,0,0,1
332437.6919,992.53,505.11,67.92,No,No,0,0,1
175921.5956,1372.17,873.65,25.83,Yes,No,1,0,1
166427.1753,917.3,588.81,5.74,No,Yes,0,1,1
143619.0809,1363.54,452.71,13.39,No,No,0,0,1
287789.7826,1015.7,546.59,28.66,Yes,Yes,1,1,1
138546.8422,550.0,526.23,11.2,No,No,0,0,1
128863.451,1344.89,102.77,14.53,No,Yes,0,1,1
251516.9781,632.32,488.42,34.18,No,No,0,0,1
313710.4687,688.68,708.18,40.08,Yes,No,1,0,1
324846.9354,716.61,995.09,6.22,No,No,0,0,1
290805.3052,1667.96,344.67,6.06,No,Yes,0,1,1
126372.039,882.35,663.78,38.72,No,No,0,0,1
142295.662,550.0,232.45,32.01,Yes,Yes,1,1,1
571602.0232,2111.58,676.72,10.31,No,Yes,0,1,1
460052.4777,662.93,989.58,3.64,No,No,0,0,1
116897.0428,1010.89,581.64,44.39,Yes,No,1,0,1
215313.2562,1394.28,170.79,59.91,No,Yes,0,1,1
194777.6616,550.0,422.57,31.04,No,Yes,0,1,1
174263.9779,550.0,288.91,45.92,No,No,0,0,1
196604.6614,1809.46,377.13,66.98,No,Yes,0,1,1
145967.6379,1065.79,380.22,43.31,No,No,0,0,1
232443.1219,550.0,551.48,20.52,Yes,No,1,0,1
153304.2906,1032.08,530.8,21.44,No,No,0,0,1
209952.1873,820.43,573.52,6.66,Yes,No,1,0,1
117728.0793,643.21,274.11,41.99,Yes,No,1,0,1
482068.3311,1318.16,785.01,2.85,No,No,0,0,1
215120.723,550.0,604.13,9.3,No,Yes,0,1,1
209402.4015,586.69,317.88,27.13,No,Yes,0,1,1
443293.6067,1317.5,169.35,40.41,Yes,Yes,1,1,1
364630.6228,734.98,757.53,24.24,No,Yes,0,1,1
212369.7208,1228.22,460.19,46.21,No,No,0,0,1
184298.8701,690.87,313.82,36.82,No,No,0,0,1
162069.5658,1246.55,777.32,31.13,No,No,0,0,1
297133.7751,1671.11,848.09,11.66,No,No,0,0,1
301719.5129,696.19,444.87,40.95,No,Yes,0,1,1
107249.169,609.97,32.79,12.26,Yes,No,1,0,1
167792.6953,550.0,113.42,34.42,No,Yes,0,1,1
504189.9766,1175.77,223.27,14.9,No,Yes,0,1,1
290609.6604,994.02,757.76,1.48,No,No,0,0,1
494415.0555,1561.56,525.49,31.4,No,Yes,0,1,1
404071.5205,1487.0,806.68,31.53,No,No,0,0,1
269349.8726,1305.82,347.3,41.32,No,Yes,0,1,1
119365.209,550.0,530.03,41.38,Yes,No,1,0,1
189391.0331,1139.0,1191.61,19.29,No,Yes,0,1,1
200630.6172,598.13,642.53,24.14,No,No,0,0,1
203073.0997,550.0,683.43,6.52,No,No,0,0,1
153056.5317,945.36,281.91,42.9,No,No,0,0,1
107153.8993,550.0,714.65,32.36,Yes,No,1,0,1
263745.9375,1300.04,554.01,19.04,No,Yes,0,1,1
245724.4255,1047.13,553.82,31.57,Yes,Yes,1,1,1
402197.8271,1282.32,752.49,30.3,Yes,No,1,0,1
413801.6422,1322.55,818.06,6.72,Yes,No,1,0,1
278236.9864,975.14,277.69,25.52,Yes,No,1,0,1
600335.1548,2727.04,772.22,25.21,No,No,0,0,1
224321.015,917.84,958.22,41.45,No,No,0,0,1
455628.2404,1463.73,738.76,20.99,No,No,0,0,1
159097.7158,671.47,185.52,7.93,Yes,No,1,0,1
334113.5332,550.0,339.7,5.16,No,No,0,0,1
182488.3861,1348.31,1012.37,10.57,No,No,0,0,1
285175.2294,1114.3,821.15,52.77,No,No,0,0,1
323339.5808,1032.34,221.1,72.3,Yes,Yes,1,1,1
188525.5716,986.38,72.66,49.75,Yes,No,1,0,1
408009.4866,928.36,749.46,3.08,No,No,0,0,1
484361.1995,1789.95,474.51,41.5,No,No,0,0,1
485449.7041,1575.85,807.83,26.97,No,Yes,0,1,1
98573.58358,1083.05,710.06,63.97,Yes,No,1,0,1
549795.928,1760.77,459.59,46.97,Yes,Yes,1,1,1
408791.31,1806.23,898.98,22.15,No,Yes,0,1,1
216648.2848,632.61,408.07,29.34,Yes,No,1,0,1
402487.8841,1338.02,115.06,10.23,No,No,0,0,1
286430.9385,550.0,68.91,9.67,No,No,0,0,1
111551.2801,752.35,723.63,53.33,No,No,0,0,1
311591.5511,1168.93,143.66,24.84,No,Yes,0,1,1
291471.0943,1078.38,188.26,22.28,Yes,Yes,1,1,1
306739.1784,1857.6,451.37,37.19,Yes,No,1,0,1
104345.7119,767.45,152.8,50.37,Yes,No,1,0,1
301654.4355,550.0,55.58,21.21,Yes,Yes,1,1,1
126778.5049,1398.37,865.6,28.5,Yes,No,1,0,1
282835.0753,1791.41,584.62,45.68,No,No,0,0,1
142093.7534,598.47,971.78,55.41,Yes,No,1,0,1
190205.9094,822.88,99.71,57.6,No,No,0,0,1
195998.6689,1351.19,122.85,9.69,No,No,0,0,1
263076.735,669.41,314.18,25.21,No,Yes,0,1,1
416626.6304,1741.57,668.65,69.17,Yes,Yes,1,1,1
399129.7357,1291.47,259.1,19.63,No,No,0,0,1
113258.5348,811.36,1036.7,21.54,No,Yes,0,1,1
179792.2036,550.0,548.27,17.03,No,No,0,0,1
156291.7125,914.61,1014.42,41.4,No,No,0,0,1
270462.6923,1084.91,830.3,46.78,No,No,0,0,1
233002.9048,986.07,71.57,24.76,No,Yes,0,1,1
151577.0948,550.0,1489.33,39.66,No,No,0,0,1
329381.1695,1377.51,33.1,71.59,No,No,0,0,1
278318.661,1226.9,124.54,46.35,No,No,0,0,1
177518.1051,973.81,615.27,25.84,No,Yes,0,1,1
286857.3794,1637.03,72.67,20.51,No,No,0,0,1
225913.5844,825.1,1158.99,64.25,Yes,No,1,0,1
171925.6082,550.0,196.71,39.53,No,No,0,0,1
201157.2822,1145.91,561.14,23.37,No,Yes,0,1,1
227861.6369,1196.5,458.34,76.47,No,Yes,0,1,1
265068.4697,1142.34,543.48,42.96,No,No,0,0,1
190078.5479,675.76,618.96,18.34,No,Yes,0,1,1
111939.1888,600.31,142.87,38.31,No,Yes,0,1,1
579001.6333,1531.71,318.78,40.63,No,No,0,0,1
254900.1712,730.3,1162.25,24.96,No,Yes,0,1,1
548884.3065,839.02,646.01,11.48,No,No,0,0,1
150126.3934,1002.82,1139.61,10.88,No,No,0,0,1
299565.611,1240.92,154.29,60.77,No,No,0,0,1
397269.967,1508.89,284.42,43.53,No,No,0,0,1
327068.3617,1674.78,126.6,67.71,Yes,Yes,1,1,1
195297.2596,550.0,72.65,13.81,No,Yes,0,1,1
384728.6432,897.9,878.38,41.81,No,Yes,0,1,1
632980.112,1438.33,442.11,54.95,No,No,0,0,1
312620.9171,1113.56,38.55,26.2,Yes,No,1,0,1
166175.7552,550.0,566.81,17.82,No,No,0,0,1
276102.4432,550.0,367.33,39.13,No,Yes,0,1,1
448776.4174,1672.22,527.91,60.17,No,Yes,0,1,1
204027.4388,1051.16,98.68,30.04,No,No,0,0,1
435944.4423,1406.46,169.89,11.27,No,No,0,0,1
271531.6073,955.63,698.47,69.0,Yes,No,1,0,1
456311.9426,1751.95,662.06,22.74,No,No,0,0,1
819756.8075,1364.97,220.55,24.85,No,Yes,0,1,1
173899.5665,1012.98,78.91,24.08,No,Yes,0,1,1
278518.2929,1358.53,832.65,27.9,No,No,0,0,1
96016.41834,550.0,355.38,28.12,No,Yes,0,1,1
363914.6366,1774.08,522.48,58.18,No,Yes,0,1,1
186324.8193,1152.41,676.01,33.51,No,No,0,0,1
190132.4176,550.0,408.84,33.92,No,No,0,0,1
231746.2944,1132.62,1216.87,41.11,No,Yes,0,1,1
398073.4053,1145.43,592.24,39.32,No,No,0,0,1
232410.9649,550.0,211.66,29.98,No,Yes,0,1,1
101236.1876,830.58,902.26,4.65,No,Yes,0,1,1
294572.4649,550.0,440.12,6.82,Yes,No,1,0,1
112204.4099,581.23,763.99,17.23,No,No,0,0,1
262803.5963,906.8,157.3,58.86,Yes,Yes,1,1,1
470273.5243,1438.56,516.27,27.02,No,No,0,0,1
251064.3973,1184.55,413.01,14.94,No,No,0,0,1
339540.6449,1257.89,596.72,26.28,No,No,0,0,1
411337.1456,1054.0,735.07,1.03,No,Yes,0,1,1
189156.7895,550.0,883.76,53.94,Yes,Yes,1,1,1
468472.1179,1066.98,697.27,29.02,Yes,No,1,0,1
277700.7131,550.0,86.43,3.07,No,No,0,0,1
492873.3022,1535.8,622.19,16.65,No,No,0,0,1
668295.4842,1835.01,842.08,33.75,No,Yes,0,1,1
293364.156,550.0,344.01,17.7,No,Yes,0,1,1
295184.9616,1524.01,658.44,40.87,No,No,0,0,1
326752.5584,873.98,778.0,17.31,Yes,Yes,1,1,1
108336.1425,860.71,546.49,45.9,No,Yes,0,1,1
289352.8122,976.6,483.23,12.97,No,No,0,0,1
288045.5479,1099.53,218.94,6.51,No,No,0,0,1
383859.4941,1291.36,614.33,9.42,No,No,0,0,1
387076.1872,918.0,288.11,21.94,Yes,No,1,0,1
211981.4799,1186.46,286.16,25.86,No,No,0,0,1
223367.7467,550.0,355.3,45.22,No,No,0,0,1
350686.3764,1251.08,282.53,74.56,No,Yes,0,1,1
122016.6518,1033.74,815.76,7.63,No,No,0,0,1
201989.3311,1255.65,711.58,50.2,No,No,0,0,1
338380.9694,1307.18,149.03,41.85,Yes,No,1,0,1
99926.50041,650.59,889.26,44.25,Yes,Yes,1,1,1
296536.7354,1017.85,553.96,29.37,No,No,0,0,1
417551.268,771.68,436.59,37.46,Yes,No,1,0,1
409291.9788,550.0,556.16,13.0,No,No,0,0,1
338560.184,1205.61,642.57,62.46,No,Yes,0,1,1
134447.8725,838.09,226.89,42.48,No,Yes,0,1,1
356250.7195,1881.78,31.56,5.18,Yes,No,1,0,1
214448.7043,909.24,432.83,44.97,No,Yes,0,1,1
118517.5122,1327.08,84.94,62.88,Yes,Yes,1,1,1
453237.3277,1376.39,36.68,9.16,No,No,0,0,1
682995.0557,1564.31,203.81,26.46,No,No,0,0,1
578788.0282,1403.29,399.15,16.39,No,No,0,0,1
144597.1668,550.0,287.23,7.63,No,Yes,0,1,1
296317.4918,804.42,66.63,48.71,No,No,0,0,1
165950.2086,1202.15,1127.32,49.62,No,Yes,0,1,1
256648.7761,884.1,926.52,19.2,No,No,0,0,1
426242.3791,1314.1,1209.42,31.21,No,No,0,0,1
155913.4548,942.18,721.79,10.89,No,Yes,0,1,1
290455.1881,1513.75,462.52,31.62,No,No,0,0,1
391493.9671,1538.64,855.67,56.65,No,No,0,0,1
255148.639,728.28,747.22,37.11,Yes,No,1,0,1
178507.514,1373.52,243.99,40.27,No,No,0,0,1
364999.49,1111.51,72.77,57.19,No,No,0,0,1
230854.4814,743.14,7.43,57.53,Yes,No,1,0,1
182530.0161,938.02,130.91,22.04,No,No,0,0,1
372771.7711,550.0,477.04,43.63,Yes,Yes,1,1,1
401205.3247,1418.41,883.36,35.01,Yes,No,1,0,1
350823.0371,824.68,443.81,21.28,No,No,0,0,1
164664.3915,550.0,696.13,14.58,Yes,Yes,1,1,1
96713.65354,1245.47,521.89,14.01,No,No,0,0,1
217778.2459,1080.39,232.64,25.09,Yes,Yes,1,1,1
233917.4045,1203.14,413.73,19.55,No,No,0,0,1
202878.4811,550.0,529.29,54.31,No,No,0,0,1
350619.7241,1596.19,735.47,0.16,Yes,No,1,0,1
354268.4129,1816.71,372.31,45.29,No,No,0,0,1
251984.0737,1655.49,607.94,9.66,No,Yes,0,1,1
346404.9159,1309.44,898.41,8.15,No,No,0,0,1
308828.2779,550.0,289.02,32.45,Yes,Yes,1,1,1
689398.8244,981.57,632.73,19.52,Yes,Yes,1,1,1
135470.4414,550.0,172.4,18.49,No,No,0,0,1
397874.7103,1533.97,521.74,30.03,No,Yes,0,1,1
403389.7835,1551.59,221.29,16.56,No,Yes,0,1,1
212846.8827,771.94,251.07,46.25,No,Yes,0,1,1
277537.2027,1057.01,207.59,0.92,No,No,0,0,1
379268.1187,598.26,303.09,26.02,No,Yes,0,1,1
298752.8523,1062.4,613.88,49.0,No,Yes,0,1,1
528127.8507,1420.25,513.57,21.61,Yes,Yes,1,1,1
491058.1524,912.18,466.76,0.46,Yes,No,1,0,1
346591.1288,2187.19,222.5,17.14,No,No,0,0,1
360835.3173,1466.12,564.1,13.4,No,Yes,0,1,1
265916.5792,1608.13,751.05,33.09,No,Yes,0,1,1
451105.5525,1404.97,239.1,38.42,No,No,0,0,1
695356.7368,1476.04,263.1,21.04,Yes,No,1,0,1
739816.9259,2097.51,882.41,18.33,No,No,0,0,1
122975.5391,872.51,763.07,50.3,Yes,No,1,0,1
240135.3011,1069.19,397.15,1.27,Yes,Yes,1,1,1
548590.0138,708.08,137.97,43.05,No,Yes,0,1,1
200818.954,1068.3,629.24,38.4,No,No,0,0,1
239811.194,812.92,212.02,55.64,Yes,No,1,0,1
110427.8589,838.47,219.28,55.18,Yes,Yes,1,1,1
524579.4399,1487.08,495.59,20.1,Yes,No,1,0,1
209759.2238,726.54,547.76,32.81,No,No,0,0,1
186897.8253,1065.62,420.97,23.96,No,No,0,0,1
334719.6051,1572.46,792.09,30.2,No,No,0,0,1
172692.171,550.0,290.28,17.7,No,No,0,0,1
403224.7699,1914.87,273.61,30.67,No,No,0,0,1
381405.3245,933.03,755.42,20.38,Yes,No,1,0,1
197633.9779,1198.14,137.93,6.15,Yes,No,1,0,1
323908.0938,1428.56,661.4,18.62,Yes,No,1,0,1
402121.6345,550.0,991.53,37.67,No,Yes,0,1,1
568904.4179,1693.37,627.71,15.14,No,No,0,0,1
384219.8759,1000.26,76.71,3.31,No,No,0,0,1
197703.9644,1193.46,721.33,24.07,No,Yes,0,1,1
269144.7304,948.18,122.42,27.35,No,No,0,0,1
336939.7982,1221.1,249.89,55.6,No,No,0,0,1
307105.4905,694.46,358.04,48.21,No,Yes,0,1,1
197747.4995,724.79,912.79,34.78,No,Yes,0,1,1
437769.4065,550.0,510.33,20.0,No,No,0,0,1
144160.3422,846.7,519.02,13.62,Yes,No,1,0,1
348768.5642,1531.23,140.5,32.08,Yes,Yes,1,1,1
235796.2815,632.84,676.1,35.64,No,Yes,0,1,1
349996.2652,820.88,116.81,19.75,No,Yes,0,1,1
163677.9423,550.0,173.52,5.12,No,Yes,0,1,1
394010.6991,1627.28,681.23,6.11,No,Yes,0,1,1
181669.9418,1246.25,429.54,24.7,No,Yes,0,1,1
161999.2888,684.35,352.73,19.22,No,No,0,0,1
179729.0412,550.0,738.71,28.49,No,Yes,0,1,1
158916.1659,550.0,422.75,43.77,No,Yes,0,1,1
406831.7743,1581.07,278.44,18.84,No,Yes,0,1,1
553379.1957,1814.66,433.52,36.34,Yes,Yes,1,1,1
459398.3591,550.0,575.86,19.36,No,No,0,0,1
724198.9065,1526.27,670.2,43.73,Yes,Yes,1,1,1
248188.2014,550.0,189.29,10.67,No,Yes,0,1,1
274713.7644,1122.76,325.05,51.18,No,Yes,0,1,1
200754.4642,550.0,543.23,18.71,No,No,0,0,1
252073.0135,700.49,596.34,40.61,No,No,0,0,1
264833.5258,550.0,428.63,10.81,No,Yes,0,1,1
282926.7594,1524.87,490.03,52.56,Yes,No,1,0,1
484959.3802,1239.34,175.75,36.4,No,No,0,0,1
147924.8775,550.0,639.38,13.24,No,Yes,0,1,1
341137.3523,717.49,487.61,21.91,Yes,Yes,1,1,1
344911.5591,1090.36,178.33,10.7,Yes,Yes,1,1,1
397836.7671,550.0,781.13,14.52,Yes,Yes,1,1,1
125547.0981,697.91,485.98,1.36,Yes,Yes,1,1,1
295280.7222,905.51,161.12,18.08,No,Yes,0,1,1
188442.1053,694.97,489.78,66.84,Yes,No,1,0,1
335517.7029,1318.62,310.06,3.55,No,Yes,0,1,1
138465.3329,837.37,235.1,51.05,No,No,0,0,1
278062.661,1438.77,176.24,24.06,No,No,0,0,1
161611.813,550.0,513.93,21.3,No,No,0,0,1
259413.6359,550.0,240.37,44.36,No,Yes,0,1,1
358905.9131,976.75,768.59,19.68,Yes,No,1,0,1
553218.0459,1555.16,294.43,44.82,No,No,0,0,1
120464.7704,550.0,42.64,18.48,No,No,0,0,1
282994.8668,1765.92,903.8,19.59,No,No,0,0,1
109353.449,760.31,458.1,38.12,No,No,0,0,1
353651.7208,1156.5,708.0,4.54,No,Yes,0,1,1
172711.0743,964.35,1090.06,35.08,No,No,0,0,1
147335.3796,596.2,441.08,2.24,No,No,0,0,1
182683.8867,1363.61,530.86,11.04,Yes,No,1,0,1
299567.9959,1083.69,375.58,42.66,No,No,0,0,1
244027.2836,611.52,217.89,52.44,Yes,No,1,0,1
257520.3555,1757.2,279.56,37.26,No,No,0,0,1
329648.5927,1048.47,1122.05,22.77,Yes,No,1,0,1
182105.3596,1025.57,81.44,35.25,No,Yes,0,1,1
432803.8536,998.05,937.29,1.27,No,Yes,0,1,1
385473.4938,986.1,412.02,30.1,No,No,0,0,1
245413.2988,550.0,710.67,45.21,No,No,0,0,1
224232.9026,550.0,305.33,48.4,No,No,0,0,1
179635.891,785.53,3.86,40.31,No,No,0,0,1
189735.9028,958.81,912.69,32.08,No,No,0,0,1
293761.1775,1005.51,472.01,3.25,No,No,0,0,1
548417.5068,1721.87,660.06,20.47,No,No,0,0,1
463412.5911,1046.05,704.8,30.4,No,Yes,0,1,1
611335.534,1594.79,423.56,36.53,No,No,0,0,1
455238.6954,1448.19,959.64,24.53,Yes,No,1,0,1
94945.29121,550.0,934.49,18.12,No,Yes,0,1,1
329248.5451,1995.91,612.47,53.15,Yes,Yes,1,1,1
160359.5372,757.98,76.09,17.33,No,No,0,0,1
474269.9146,1211.64,669.46,60.6,No,No,0,0,1
201442.1326,999.91,664.88,19.29,Yes,No,1,0,1
303217.004,702.41,819.36,48.76,Yes,No,1,0,1
329770.112,1558.39,451.96,45.11,Yes,No,1,0,1
163847.6551,550.0,171.47,48.97,No,No,0,0,1
118378.6969,1002.74,81.65,43.42,No,No,0,0,1
259072.1918,572.97,414.17,30.54,No,No,0,0,1
215335.419,630.11,470.22,0.39,No,No,0,0,1
325830.4139,1076.83,353.65,24.86,No,No,0,0,1
582774.318,1473.52,1166.55,71.59,Yes,No,1,0,1
462583.2748,988.52,347.82,21.94,Yes,Yes,1,1,1
152926.0367,550.0,492.37,37.45,No,No,0,0,1
106447.0001,728.28,502.84,61.14,No,Yes,0,1,1
250270.0733,958.39,521.3,25.95,Yes,No,1,0,1
445046.2937,1045.03,208.95,21.41,No,Yes,0,1,1
156150.7303,616.76,502.97,66.94,No,Yes,0,1,1
138315.1695,550.0,673.43,63.37,Yes,No,1,0,1
214925.2506,955.53,551.57,40.47,No,No,0,0,1
280856.0706,897.32,248.28,32.13,Yes,Yes,1,1,1
452624.6154,1212.22,479.64,12.2,No,No,0,0,1
276852.617,1345.45,690.81,44.58,No,No,0,0,1
414159.8518,1011.95,132.27,34.32,Yes,No,1,0,1
181878.1121,803.66,483.69,37.51,No,Yes,0,1,1
448257.7508,769.59,1003.05,28.25,Yes,Yes,1,1,1
297161.0335,760.67,98.23,21.9,No,Yes,0,1,1
538568.7553,2054.95,734.76,55.79,No,Yes,0,1,1
329310.4682,1865.6,840.77,45.47,No,No,0,0,1
220926.562,1589.48,257.65,23.97,No,No,0,0,1
208793.7303,666.15,831.59,15.22,Yes,No,1,0,1
426944.4873,756.23,1392.16,27.83,No,No,0,0,1
297768.4233,1625.17,930.29,12.48,No,No,0,0,1
202792.0195,550.0,371.84,35.14,No,No,0,0,1
257820.883,1231.41,247.54,69.66,No,Yes,0,1,1
719331.4896,1628.62,831.39,28.89,No,No,0,0,1
526756.9959,1145.69,838.22,37.55,No,No,0,0,1
216374.8129,1037.41,76.03,64.7,No,No,0,0,1
730786.3043,1743.94,383.02,40.36,No,No,0,0,1
355873.0695,995.76,132.59,48.1,No,Yes,0,1,1
274638.1222,1154.08,177.44,4.93,No,No,0,0,1
354991.1055,925.34,1061.66,52.86,No,Yes,0,1,1
197318.2591,556.22,233.88,48.64,No,Yes,0,1,1
216506.6648,1286.25,213.99,54.66,No,No,0,0,1
108490.1181,550.0,464.48,17.37,Yes,No,1,0,1
429260.2981,1260.05,833.29,30.0,Yes,No,1,0,1
203231.4107,694.07,401.92,36.53,No,No,0,0,1
312197.9063,1243.56,1062.65,8.56,Yes,Yes,1,1,1
259399.4509,557.97,214.17,13.79,No,Yes,0,1,1
354020.6613,1313.22,975.73,18.87,No,Yes,0,1,1
670334.3299,1399.82,546.74,7.05,No,No,0,0,1
396913.3339,1639.62,3.19,8.8,No,Yes,0,1,1
204063.8821,1487.76,840.15,46.09,No,No,0,0,1
283619.0625,1761.22,1100.2,8.96,No,No,0,0,1
374408.3745,1910.13,697.08,27.27,No,No,0,0,1
295860.5658,1515.32,624.82,34.98,Yes,No,1,0,1
451762.9087,1796.97,453.0,6.03,No,No,0,0,1
136734.5207,806.38,833.94,15.79,Yes,Yes,1,1,1
179621.2942,550.0,259.13,25.03,No,No,0,0,1
104494.0941,550.0,260.5,68.89,No,No,0,0,1
232734.2708,1119.59,713.89,53.98,No,No,0,0,1
439069.212,1066.78,323.34,18.99,No,No,0,0,1
382919.7319,1041.4,54.97,80.06,No,No,0,0,1
354630.7593,851.58,405.31,5.83,No,Yes,0,1,1
489571.0562,1305.51,783.75,51.56,No,No,0,0,1
107724.4395,555.25,505.36,48.61,No,No,0,0,1
513827.4323,1472.3,197.86,15.23,Yes,No,1,0,1
291908.329,712.37,26.09,32.68,Yes,No,1,0,1
373249.1694,1352.22,180.84,0.63,No,Yes,0,1,1
149113.8024,731.56,1104.37,13.16,No,No,0,0,1
107628.6258,907.08,81.64,23.46,Yes,No,1,0,1
415698.1237,869.91,99.09,7.45,No,Yes,0,1,1
118774.584,667.55,635.72,34.58,No,No,0,0,1
359293.2998,1678.43,707.16,48.43,No,Yes,0,1,1
176525.3283,1095.53,347.73,38.92,No,Yes,0,1,1
544101.1038,1440.01,1298.7,30.7,No,No,0,0,1
333010.0784,1199.9,416.99,61.23,No,No,0,0,1
533299.9959,1405.16,606.14,35.16,No,No,0,0,1
343397.9756,2218.22,526.81,11.18,No,Yes,0,1,1
713551.7912,1541.98,737.18,35.23,Yes,No,1,0,1
152093.8417,550.0,357.19,65.13,Yes,Yes,1,1,1
167086.2464,554.58,241.76,32.82,No,Yes,0,1,1
179713.0449,550.0,335.2,16.1,No,Yes,0,1,1
447821.6703,1637.2,332.56,14.58,No,No,0,0,1
399822.7895,731.37,356.93,32.57,No,Yes,0,1,1
161195.7912,722.71,701.84,8.39,No,No,0,0,1
165341.6144,550.0,72.28,66.56,No,No,0,0,1
417207.8893,550.0,565.61,0.54,No,Yes,0,1,1
317332.7509,1928.59,899.59,7.19,Yes,No,1,0,1
232133.557,932.66,817.34,16.89,No,No,0,0,1
1024519.119,1875.44,663.72,15.84,No,No,0,0,1
342368.1851,843.07,479.18,16.36,No,No,0,0,1
176492.6957,550.0,172.25,25.83,No,No,0,0,1
838769.975,1412.67,441.82,37.05,No,Yes,0,1,1
310573.1299,833.3,415.2,37.09,Yes,Yes,1,1,1
137956.9998,1006.91,850.51,44.09,No,Yes,0,1,1
622546.9995,1314.28,959.01,20.57,Yes,No,1,0,1
479896.9346,1292.24,456.37,34.81,No,No,0,0,1
113517.1348,702.7,575.39,49.19,Yes,No,1,0,1
605073.6116,1029.28,823.45,15.57,No,No,0,0,1
115818.4461,981.93,606.82,44.51,No,No,0,0,1
113742.3577,550.0,477.41,33.41,Yes,No,1,0,1
105789.8119,1456.98,664.5,65.76,No,No,0,0,1
333409.777,1137.14,902.28,30.18,No,Yes,0,1,1
229083.7701,1180.8,84.78,31.35,No,No,0,0,1
427537.2168,899.55,1009.02,0.85,Yes,No,1,0,1
331872.4272,776.1,621.49,19.34,No,No,0,0,1
170712.7342,550.0,824.51,30.05,No,No,0,0,1
462670.0166,964.34,838.74,13.41,Yes,No,1,0,1
406174.3374,1703.4,9.33,63.64,No,Yes,0,1,1
476783.0867,1122.12,799.18,27.9,No,No,0,0,1
168745.4268,979.38,311.11,21.42,No,No,0,0,1
443878.1302,1388.44,606.26,5.27,No,Yes,0,1,1
254754.2361,1116.26,661.39,67.66,No,No,0,0,1
129329.3717,860.32,363.89,4.0,No,No,0,0,1
275672.8901,1335.43,784.03,36.0,Yes,No,1,0,1
235371.6686,834.61,320.57,24.61,Yes,No,1,0,1
356303.0078,1449.57,218.06,52.99,No,No,0,0,1
397944.8863,1625.51,523.63,22.55,No,No,0,0,1
448149.3355,1436.09,587.68,29.05,No,Yes,0,1,1
704374.5511,1415.72,886.91,0.54,No,No,0,0,1
307165.0681,1477.19,260.68,28.36,Yes,No,1,0,1
773888.7987,1530.98,766.39,17.3,Yes,No,1,0,1
183257.9263,1067.69,313.38,26.3,No,Yes,0,1,1
165001.8779,691.53,635.06,2.12,No,Yes,0,1,1
234719.5722,550.0,413.16,22.04,No,Yes,0,1,1
151390.0694,972.21,769.51,8.14,No,Yes,0,1,1
481282.1057,1033.37,448.17,18.95,No,Yes,0,1,1
124209.0541,985.39,633.55,0.16,No,No,0,0,1
442991.002,1597.52,645.37,22.63,No,No,0,0,1
242998.1077,954.69,686.22,43.88,No,No,0,0,1
294738.4393,786.1,708.91,45.49,Yes,No,1,0,1
272679.2009,1672.39,92.0,20.61,No,No,0,0,1
103129.133,550.0,402.36,52.7,No,No,0,0,1
232290.5139,974.83,1077.11,35.04,No,No,0,0,1
266670.5158,804.09,149.62,61.74,No,No,0,0,1
185241.968,1378.95,421.0,22.48,Yes,Yes,1,1,1
255114.2111,761.64,811.58,6.78,Yes,No,1,0,1
180984.9615,809.47,549.16,44.95,No,Yes,0,1,1
205364.9148,682.7,255.42,20.91,No,No,0,0,1
856276.5702,2132.54,829.4,6.96,No,Yes,0,1,1
584773.6586,1698.19,567.55,56.15,No,No,0,0,1
543530.4933,2117.97,595.72,32.06,No,No,0,0,1
108074.4061,613.32,895.23,61.27,Yes,Yes,1,1,1
402303.617,2206.64,732.08,18.53,No,Yes,0,1,1
451813.1003,1540.47,905.76,20.62,Yes,No,1,0,1
324412.5087,960.99,841.25,16.49,No,No,0,0,1
478875.1957,1122.0,1008.94,25.61,No,No,0,0,1
527791.5519,1661.41,843.68,37.79,No,No,0,0,1
371188.7216,1379.3,290.12,3.39,No,Yes,0,1,1
324159.0214,673.6,716.87,45.2,No,No,0,0,1
111989.9103,1496.01,931.13,35.22,No,No,0,0,1
571149.0188,1035.05,682.49,37.69,No,Yes,0,1,1
610644.4847,1404.65,826.77,49.69,Yes,No,1,0,1
254564.3918,849.76,537.36,19.68,No,No,0,0,1
118420.3323,550.0,555.05,10.91,Yes,No,1,0,1
295324.819,937.66,459.2,42.84,No,Yes,0,1,1
329886.498,1974.31,926.42,29.23,No,No,0,0,1
299926.3906,569.54,347.87,39.59,No,Yes,0,1,1
299616.9397,581.12,19.27,55.87,Yes,No,1,0,1
343455.0967,1057.59,302.05,18.67,No,No,0,0,1
334874.4242,1033.26,466.89,21.06,Yes,No,1,0,1
126313.9809,665.49,98.19,49.37,Yes,No,1,0,1
462043.3268,2838.63,271.55,9.6,No,Yes,0,1,1
448351.6474,1923.15,379.09,33.33,No,No,0,0,1
547107.722,1964.22,587.32,29.28,No,Yes,0,1,1
126155.5558,592.62,584.6,30.37,No,Yes,0,1,1
303146.052,863.99,578.21,44.02,No,No,0,0,1
114541.7742,550.0,136.88,25.14,No,No,0,0,1
138420.4848,852.25,522.58,83.85,No,Yes,0,1,1
157692.2378,914.83,381.4,23.56,No,No,0,0,1
217917.5136,617.59,781.71,26.94,No,No,0,0,1
138761.6006,550.0,167.25,34.45,Yes,No,1,0,1
356639.1253,691.05,1185.71,39.52,No,No,0,0,1
255488.3252,1313.46,437.19,29.65,No,No,0,0,1
739123.5425,2344.1,236.44,73.21,No,No,0,0,1
439717.8031,1825.36,743.7,21.25,Yes,Yes,1,1,1
254732.3594,1459.44,807.54,23.28,No,Yes,0,1,1
136314.9004,550.0,743.46,49.68,No,Yes,0,1,1
168159.7604,802.52,631.97,24.02,No,Yes,0,1,1
149706.996,550.0,494.49,20.81,No,No,0,0,1
483124.0778,958.49,484.08,31.51,Yes,No,1,0,1
317826.7291,563.77,369.64,33.53,No,No,0,0,1
491887.0762,1811.08,856.26,57.76,No,No,0,0,1
491132.4585,2072.28,91.17,31.63,No,Yes,0,1,1
365094.6323,550.0,938.59,32.45,No,No,0,0,1
488567.3674,748.89,604.86,48.13,No,No,0,0,1
234631.3808,550.0,671.1,37.65,No,Yes,0,1,1
154400.7525,550.0,325.59,40.36,No,Yes,0,1,1
269865.6223,1220.89,285.83,33.93,No,Yes,0,1,1
222065.2125,682.56,356.64,56.0,Yes,Yes,1,1,1
519811.7034,1775.61,506.02,1.75,No,No,0,0,1
579176.5925,1396.47,989.85,1.44,No,No,0,0,1
217357.924,654.97,460.78,1.87,No,No,0,0,1
235650.2469,1540.02,956.39,25.36,No,Yes,0,1,1
345892.9122,1138.59,699.57,32.34,No,Yes,0,1,1
436711.6125,1899.29,359.86,12.78,Yes,No,1,0,1
396428.1539,550.0,561.07,29.17,Yes,No,1,0,1
197581.5547,708.19,139.15,5.39,No,No,0,0,1
362063.8721,1304.4,721.92,31.0,No,No,0,0,1
418226.226,550.0,41.14,67.74,No,No,0,0,1
226658.9276,818.02,356.03,19.43,No,No,0,0,1
294283.1239,1095.18,97.17,15.18,No,Yes,0,1,1
226528.3599,697.21,551.48,35.19,No,Yes,0,1,1
221653.0451,1127.42,635.11,44.71,Yes,No,1,0,1
121928.5813,1106.95,593.5,10.43,No,Yes,0,1,1
145855.3631,550.0,626.23,9.3,No,Yes,0,1,1
342147.8498,1068.98,220.82,42.13,No,No,0,0,1
572012.3294,1506.26,591.29,7.11,No,No,0,0,1
269943.1539,550.0,838.18,24.59,No,No,0,0,1
219969.8851,1080.68,872.12,41.76,No,No,0,0,1
369969.2973,877.95,1109.06,17.89,No,Yes,0,1,1
332145.3784,1343.93,235.42,41.03,No,Yes,0,1,1
109888.7624,1027.26,714.71,32.25,No,Yes,0,1,1
297256.5871,1047.06,621.55,23.45,No,Yes,0,1,1
180913.36,935.63,459.38,32.05,No,Yes,0,1,1
192507.0224,1450.32,819.47,19.79,No,No,0,0,1
137536.1443,944.66,994.34,30.02,No,Yes,0,1,1
464838.8622,1087.46,700.07,44.97,Yes,Yes,1,1,1
611786.1264,1101.4,234.64,21.31,No,No,0,0,1
439067.9892,1579.61,700.44,39.09,No,No,0,0,1
307908.9626,1336.66,711.64,20.15,No,Yes,0,1,1
324624.6879,1029.16,1397.89,20.42,No,No,0,0,1
404300.6422,1479.88,732.06,27.75,No,Yes,0,1,1
523957.4089,1729.78,1040.52,3.73,No,Yes,0,1,1
169402.8034,550.0,424.07,43.05,No,Yes,0,1,1
672571.3857,2032.13,1233.56,61.39,No,No,0,0,1
135635.1167,896.7,751.63,64.82,No,No,0,0,1
482017.4676,947.18,543.65,20.65,No,Yes,0,1,1
208302.3543,777.85,431.85,37.36,No,No,0,0,1
311283.1048,1220.09,892.81,4.93,Yes,No,1,0,1
474262.431,1477.56,1071.19,25.58,Yes,No,1,0,1
469792.0289,1477.56,354.77,54.42,No,Yes,0,1,1
439281.9156,886.39,485.42,22.84,Yes,Yes,1,1,1
377809.1796,1429.13,526.14,54.18,No,Yes,0,1,1
655183.3652,1450.16,580.83,11.26,No,No,0,0,1
237511.6102,1408.2,423.3,29.15,No,Yes,0,1,1
391146.0655,729.48,1005.7,72.4,Yes,No,1,0,1
446113.4462,889.74,674.86,23.49,Yes,No,1,0,1
281655.736,550.0,1103.13,33.7,Yes,No,1,0,1
652006.0813,550.0,424.1,25.76,No,No,0,0,1
169471.5239,1069.49,757.58,37.84,No,No,0,0,1
163370.4662,550.0,258.23,21.5,No,Yes,0,1,1
208876.8089,1076.4,384.06,53.42,No,No,0,0,1
213919.6444,1067.23,697.8,16.82,Yes,No,1,0,1
211150.8233,1886.69,757.25,48.29,Yes,No,1,0,1
134397.8758,550.0,293.04,52.24,No,Yes,0,1,1
411131.67,1311.64,900.51,31.42,Yes,No,1,0,1
314862.9031,1096.86,335.07,37.71,No,No,0,0,1
628152.6935,1350.5,901.31,22.13,Yes,Yes,1,1,1
296999.248,667.3,671.66,29.01,Yes,No,1,0,1
561175.1138,1447.91,1070.12,32.88,Yes,No,1,0,1
131578.2299,550.0,435.16,12.56,No,No,0,0,1
368325.8931,1567.18,1056.24,7.67,No,Yes,0,1,1
362656.4323,1173.3,251.69,7.44,No,No,0,0,1
290095.1722,1432.53,925.75,24.86,Yes,No,1,0,1
754848.4025,2496.76,332.86,46.97,Yes,No,1,0,1
115209.9412,715.11,993.74,48.18,Yes,No,1,0,1
166306.0265,1200.2,486.72,1.67,No,No,0,0,1
489752.3503,1170.91,368.51,22.73,No,No,0,0,1
432899.8862,1173.64,651.16,26.41,No,Yes,0,1,1
191458.4188,550.0,107.05,70.38,No,No,0,0,1
182376.0913,777.03,434.55,19.61,No,No,0,0,1
359154.4452,910.32,929.41,54.3,No,Yes,0,1,1
229985.76,1010.28,158.03,54.34,No,No,0,0,1
238678.8672,1048.62,639.01,1.84,No,No,0,0,1
445125.9499,903.05,631.11,13.26,No,Yes,0,1,1
258536.9667,550.0,598.72,4.43,No,No,0,0,1
384097.6603,783.23,538.66,26.05,No,Yes,0,1,1
108684.8082,1070.82,914.35,39.25,Yes,No,1,0,1
314431.4141,550.0,701.03,18.47,No,Yes,0,1,1
326446.5612,550.0,452.68,15.59,No,No,0,0,1
592878.0164,1539.17,447.32,58.9,No,No,0,0,1
134257.9645,993.75,608.05,46.55,No,No,0,0,1
119850.694,695.79,617.46,61.68,Yes,Yes,1,1,1
612273.691,1687.73,760.11,22.96,No,No,0,0,1
188284.0518,550.0,746.69,44.67,No,No,0,0,1
139547.3221,583.83,362.21,43.23,Yes,Yes,1,1,1
307325.5166,694.2,945.74,49.35,Yes,No,1,0,1
448803.6599,2157.15,1365.4,8.59,No,Yes,0,1,1
275558.7316,550.0,26.09,18.53,No,Yes,0,1,1
283872.353,1489.32,746.63,3.12,Yes,No,1,0,1
792902.0333,2188.24,793.71,52.02,No,No,0,0,1
124464.1959,755.67,591.11,77.3,Yes,Yes,1,1,1
232474.8527,1382.16,918.85,13.57,No,No,0,0,1
111564.0417,550.7,382.35,12.08,No,No,0,0,1
360685.8504,650.36,164.98,34.92,No,No,0,0,1
221064.633,732.21,102.03,0.35,Yes,No,1,0,1
223986.7535,550.0,423.66,22.71,Yes,No,1,0,1
140764.7725,550.0,250.61,62.52,Yes,Yes,1,1,1
334089.7381,550.0,525.05,34.48,No,Yes,0,1,1
202492.5214,1604.68,336.98,37.45,No,No,0,0,1
316805.749,1274.02,739.25,22.13,No,No,0,0,1
119164.7362,550.0,688.51,82.77,No,Yes,0,1,1
368225.0555,767.05,101.45,33.59,No,Yes,0,1,1
105336.1581,626.96,224.97,27.91,Yes,Yes,1,1,1
308517.5187,1065.43,849.67,8.17,No,No,0,0,1
207001.6902,735.91,8.39,17.49,No,No,0,0,1
215523.7457,674.53,281.42,1.4,Yes,No,1,0,1
184107.5474,550.0,466.66,9.67,Yes,No,1,0,1
557539.1088,1262.34,211.07,55.69,No,No,0,0,1
338433.3133,1016.22,495.89,57.61,No,No,0,0,1
143168.2995,754.91,619.55,40.16,No,No,0,0,1
249169.7703,550.0,417.39,35.64,Yes,No,1,0,1
163022.5614,813.05,686.5,27.54,No,Yes,0,1,1
131853.8666,550.0,304.95,22.78,No,No,0,0,1
338485.1269,1732.38,432.37,25.88,No,Yes,0,1,1
356754.0484,2405.02,452.93,58.03,No,No,0,0,1
95153.23721,1013.78,258.82,24.69,No,No,0,0,1
333044.5036,550.0,703.11,62.44,No,No,0,0,1
294473.2071,1701.13,802.55,46.04,No,No,0,0,1
414809.4504,1147.25,276.55,66.28,No,Yes,0,1,1
102361.1318,632.25,575.53,15.28,Yes,No,1,0,1
288106.0885,1284.7,453.26,28.69,No,Yes,0,1,1
385022.8356,1458.8,38.4,45.51,No,No,0,0,1
218450.2049,1855.66,627.71,57.65,No,No,0,0,1
217689.4574,550.0,189.61,52.14,No,Yes,0,1,1
420809.5649,1188.36,922.31,14.75,No,No,0,0,1
192581.5685,1122.2,207.03,8.49,No,No,0,0,1
180672.84,719.8,306.67,10.35,No,No,0,0,1
151369.7369,727.95,358.09,14.56,No,Yes,0,1,1
653440.5314,1273.03,525.41,47.08,No,No,0,0,1
244050.2982,862.58,548.0,53.0,No,Yes,0,1,1
207894.5331,612.16,468.01,33.15,No,No,0,0,1
229454.0694,1572.26,904.34,16.94,No,Yes,0,1,1
461043.3516,1017.82,517.42,24.67,No,No,0,0,1
270178.5985,579.98,540.09,18.15,No,Yes,0,1,1
110274.9103,732.84,465.83,51.46,No,No,0,0,1
218414.7041,1303.03,758.94,23.55,No,No,0,0,1
183678.3238,550.0,517.85,57.03,Yes,Yes,1,1,1
232875.4715,629.0,263.65,37.84,Yes,Yes,1,1,1
354230.9295,1020.94,414.41,43.21,No,Yes,0,1,1
214175.3206,1098.04,734.54,31.86,Yes,No,1,0,1
297423.1277,1227.28,220.51,17.46,No,Yes,0,1,1
530254.5409,1229.28,113.92,63.14,No,No,0,0,1
410194.7332,1395.04,770.71,2.21,Yes,No,1,0,1
144485.8132,550.0,516.29,54.23,No,No,0,0,1
138310.3571,873.35,422.64,51.86,No,Yes,0,1,1
305092.5135,1274.02,97.38,43.73,No,Yes,0,1,1
432917.1193,1198.23,570.11,31.39,No,No,0,0,1
357762.5729,550.0,679.14,25.31,No,No,0,0,1
284402.3429,853.32,274.07,50.16,No,Yes,0,1,1
197307.6923,1294.09,381.25,76.0,Yes,No,1,0,1
475681.4227,1373.44,394.22,39.45,No,No,0,0,1
401002.3532,1224.29,613.42,17.02,No,Yes,0,1,1
431435.5791,1584.13,191.36,41.2,No,Yes,0,1,1
334194.8309,1310.12,465.6,23.36,Yes,Yes,1,1,1
271846.2022,621.77,414.8,63.54,Yes,No,1,0,1
330865.3714,1316.69,271.12,9.88,Yes,No,1,0,1
91512.09051,550.0,521.43,53.48,No,Yes,0,1,1
486068.0823,1534.67,466.55,28.15,Yes,No,1,0,1
281753.5547,1457.4,632.63,6.85,No,No,0,0,1
197046.1664,550.0,62.29,23.8,No,No,0,0,1
293998.622,1063.0,224.74,57.09,Yes,No,1,0,1
898733.2881,1502.44,1045.11,42.74,No,No,0,0,1
206992.6136,1400.29,414.63,15.64,No,No,0,0,1
190732.4501,1185.85,389.82,49.18,No,Yes,0,1,1
243122.8524,550.0,682.14,23.46,Yes,No,1,0,1
417647.5648,1147.62,657.62,3.02,No,No,0,0,1
336680.312,1319.82,492.75,21.5,No,Yes,0,1,1
286606.7534,877.48,10.29,41.36,No,No,0,0,1
237962.8901,960.58,272.94,21.26,No,No,0,0,1
416588.5502,1844.34,670.38,21.32,No,No,0,0,1
359337.9394,1540.63,139.27,7.57,Yes,Yes,1,1,1
312625.3158,689.64,459.57,34.24,Yes,Yes,1,1,1
475264.6945,1005.21,327.68,42.2,No,No,0,0,1
266182.0228,1170.32,640.78,25.91,No,Yes,0,1,1
116537.0207,949.75,327.0,56.33,Yes,Yes,1,1,1
248909.1914,1605.01,389.2,11.83,No,No,0,0,1
540968.028,1445.05,425.25,42.65,No,No,0,0,1
481998.8766,1722.1,470.68,8.24,No,No,0,0,1
205821.4283,861.54,323.51,42.74,Yes,No,1,0,1
469204.7181,1169.45,864.53,10.08,No,No,0,0,1
332227.9805,550.0,838.26,22.58,No,No,0,0,1
411915.1851,550.0,461.67,18.7,Yes,Yes,1,1,1
250971.3034,1555.22,128.63,67.0,No,Yes,0,1,1
158157.9756,1120.08,980.87,49.98,No,No,0,0,1
356969.6722,1642.29,345.19,11.9,No,Yes,0,1,1
299649.7369,1001.99,14.7,16.42,No,No,0,0,1
255614.8992,566.62,779.42,20.56,Yes,No,1,0,1
483538.6537,593.3,757.83,29.29,No,No,0,0,1
678856.1535,2514.79,457.96,7.81,Yes,No,1,0,1
156162.9293,1039.41,763.38,44.08,No,No,0,0,1
268522.6089,913.27,41.47,37.97,Yes,Yes,1,1,1
395108.6609,1808.71,604.75,20.24,No,No,0,0,1
313336.7835,1204.06,166.04,13.49,No,No,0,0,1
380664.6365,839.48,279.98,19.65,No,Yes,0,1,1
197164.2005,550.0,650.29,66.22,No,No,0,0,1
466152.7444,939.53,308.58,64.54,No,No,0,0,1
118318.5553,550.0,496.46,17.29,Yes,No,1,0,1
293738.7038,1389.66,616.35,17.23,No,No,0,0,1
235053.9275,990.97,209.96,62.61,No,No,0,0,1
260262.293,550.0,547.36,30.58,No,No,0,0,1
309973.0901,1030.27,723.0,62.82,No,No,0,0,1
467528.3796,2162.74,686.13,58.59,No,Yes,0,1,1
164865.8263,550.0,181.29,53.97,Yes,Yes,1,1,1
590336.7802,1287.27,964.39,34.85,Yes,No,1,0,1
439672.1542,1117.95,605.64,11.89,No,No,0,0,1
489941.7627,1588.95,587.24,62.59,No,No,0,0,1
262495.0027,550.0,651.3,39.67,Yes,No,1,0,1
251668.5837,550.0,188.62,43.12,Yes,No,1,0,1
655655.4963,1410.69,798.17,30.22,No,No,0,0,1
202699.6241,550.0,403.52,1.88,Yes,No,1,0,1
168141.7004,550.0,228.76,12.67,No,Yes,0,1,1
218338.9366,762.03,295.05,3.26,Yes,Yes,1,1,1
314184.2177,763.68,769.51,25.94,Yes,No,1,0,1
548708.0646,1313.05,789.87,30.11,No,No,0,0,1
336400.2977,1064.72,444.14,54.88,Yes,Yes,1,1,1
637118.2194,1334.67,270.81,25.39,No,No,0,0,1
830298.342,1269.2,109.88,30.19,No,Yes,0,1,1
386724.8723,1084.97,730.03,58.38,No,No,0,0,1
401983.7276,1687.01,48.68,38.76,No,No,0,0,1
167842.3834,1184.42,374.27,49.89,Yes,No,1,0,1
105659.5162,628.88,179.77,41.63,Yes,Yes,1,1,1
409191.0991,1099.78,386.22,14.22,Yes,No,1,0,1
317686.7158,1552.76,781.32,36.57,No,Yes,0,1,1
356729.1921,897.36,178.94,32.59,No,Yes,0,1,1
168440.38,550.0,450.49,33.5,No,Yes,0,1,1
98485.69882,564.91,394.99,45.97,No,Yes,0,1,1
265594.885,550.0,715.85,47.83,No,No,0,0,1
197659.0477,550.0,811.5,31.91,No,Yes,0,1,1
95078.5366,550.0,297.04,20.47,No,Yes,0,1,1
281220.2829,797.88,718.12,72.84,No,No,0,0,1
231996.9865,701.95,121.98,31.0,No,Yes,0,1,1
279742.0998,781.61,879.97,33.61,No,Yes,0,1,1
146971.1482,550.0,365.54,68.35,No,No,0,0,1
620383.6814,1233.62,318.84,9.99,Yes,Yes,1,1,1
199859.2865,1210.02,414.33,53.52,No,Yes,0,1,1
398883.5375,2003.59,270.14,36.17,Yes,No,1,0,1
257554.7764,550.0,25.58,63.9,Yes,Yes,1,1,1
220321.5049,760.77,179.59,8.09,Yes,No,1,0,1
449684.8712,1569.79,533.2,41.49,No,No,0,0,1
397803.9845,550.0,225.35,53.2,Yes,No,1,0,1
536763.4995,1312.94,365.39,3.88,Yes,No,1,0,1
138503.6879,710.29,588.34,43.08,Yes,Yes,1,1,1
383724.1186,1166.38,832.25,45.36,No,No,0,0,1
247749.1269,1062.03,248.15,35.38,Yes,Yes,1,1,1
240418.5569,1478.75,592.87,17.62,No,No,0,0,1
317966.9791,965.41,570.31,19.82,No,No,0,0,1
340473.0578,979.4,651.09,76.65,No,Yes,0,1,1
391602.5135,675.22,203.03,5.55,No,No,0,0,1
476443.3303,1692.33,812.38,55.26,No,No,0,0,1
178033.013,1500.21,743.08,78.98,No,Yes,0,1,1
365462.756,1249.13,441.69,36.24,Yes,No,1,0,1
409934.7182,1098.26,769.18,32.34,Yes,No,1,0,1
106487.3614,755.37,670.05,25.77,Yes,No,1,0,1
376348.1229,1540.65,637.56,20.01,No,No,0,0,1
220243.667,1406.5,390.13,26.56,No,No,0,0,1
233860.5597,1065.51,782.28,0.77,No,Yes,0,1,1
176531.527,987.69,317.43,8.22,No,Yes,0,1,1
415701.1553,1312.22,31.51,23.51,No,Yes,0,1,1
832364.5386,1740.47,489.67,13.77,No,No,0,0,1
459692.6221,1466.08,314.2,13.91,No,No,0,0,1
239719.168,883.04,259.69,3.7,No,No,0,0,1
250070.1344,1112.62,120.33,12.4,Yes,No,1,0,1
452040.361,1389.16,708.77,32.33,No,No,0,0,1
347975.5257,550.0,161.74,7.84,No,No,0,0,1
291636.1534,550.0,566.09,74.91,No,No,0,0,1
177099.3657,783.28,1079.27,26.29,Yes,Yes,1,1,1
210373.8428,1114.6,407.16,13.56,No,Yes,0,1,1
259052.416,1068.51,342.5,25.81,Yes,Yes,1,1,1
123457.3985,550.0,1074.17,58.86,No,No,0,0,1
251924.3703,1645.47,911.68,22.7,No,No,0,0,1
96794.62338,1203.41,719.25,38.5,Yes,No,1,0,1
648983.5545,1633.22,737.41,50.28,No,Yes,0,1,1
172212.6478,876.96,69.8,48.48,No,No,0,0,1
274760.2602,984.26,595.94,40.67,Yes,No,1,0,1
224962.3678,1340.03,131.12,48.45,No,No,0,0,1
111084.7262,889.9,523.92,51.48,No,No,0,0,1
214522.3518,550.0,406.55,29.14,Yes,No,1,0,1
197631.161,550.0,158.6,52.1,No,Yes,0,1,1
308470.7357,550.0,793.67,41.9,No,No,0,0,1
171908.0275,613.5,657.78,31.39,No,Yes,0,1,1
178681.0914,706.65,346.58,54.6,Yes,No,1,0,1
117951.9489,667.26,173.38,39.11,Yes,Yes,1,1,1
342470.7477,1267.8,892.99,13.36,Yes,No,1,0,1
669899.8306,2405.15,421.76,8.07,No,No,0,0,1
171463.446,1315.31,776.44,10.45,No,Yes,0,1,1
451307.7722,1910.04,498.54,8.05,No,No,0,0,1
1021383.138,2129.83,700.12,36.77,No,No,0,0,1
240209.1375,550.0,203.4,39.48,Yes,No,1,0,1
286069.083,550.0,444.28,39.87,No,No,0,0,1
290976.1554,1455.1,319.95,17.4,No,Yes,0,1,1
226378.703,1725.96,271.42,33.85,Yes,Yes,1,1,1
467780.1173,1903.24,993.62,14.04,No,No,0,0,1
104494.1398,550.0,152.62,41.49,No,No,0,0,1
242583.861,550.0,271.0,5.8,No,No,0,0,1
175214.5163,550.0,664.58,24.87,Yes,Yes,1,1,1
316635.7496,641.65,166.7,24.65,Yes,Yes,1,1,1
173399.3359,1045.86,97.21,18.79,No,No,0,0,1
117301.2525,836.51,42.75,72.74,No,No,0,0,1
349936.8147,732.74,766.49,5.11,No,No,0,0,1
530298.4977,1743.78,730.81,4.6,No,No,0,0,1
212457.828,629.81,372.23,19.15,No,No,0,0,1
223063.3335,550.0,574.79,0.28,No,No,0,0,1
301411.1411,811.2,396.22,49.6,No,Yes,0,1,1
212750.9135,1492.61,544.93,25.74,No,Yes,0,1,1
109291.8156,550.0,96.68,65.39,No,No,0,0,1
494924.5852,2277.23,388.04,15.61,No,Yes,0,1,1
342589.5947,620.02,720.97,42.93,No,Yes,0,1,1
150525.8601,975.64,203.37,21.57,No,Yes,0,1,1
256951.6967,550.0,346.81,34.1,No,No,0,0,1
520032.12,918.6,29.52,19.74,No,No,0,0,1
192521.6106,559.28,251.26,54.37,No,Yes,0,1,1
533735.283,1132.88,686.08,1.66,No,Yes,0,1,1
328886.6243,1522.4,247.56,13.5,Yes,No,1,0,1
234615.5798,1129.07,198.33,63.29,No,No,0,0,1
551271.1624,1259.78,550.08,54.61,Yes,Yes,1,1,1
490827.0104,1316.24,417.11,8.5,Yes,Yes,1,1,1
411731.8548,1838.9,510.38,25.36,No,No,0,0,1
550774.8003,1360.67,941.43,17.12,No,No,0,0,1
316604.0103,1336.16,398.12,49.95,No,No,0,0,1
467118.2498,1893.71,701.27,56.29,No,Yes,0,1,1
340834.0191,1020.7,1182.57,26.23,No,Yes,0,1,1
206292.4974,550.0,516.57,29.44,No,Yes,0,1,1
726744.0329,1878.22,697.57,4.85,No,No,0,0,1
347447.5701,550.0,946.35,44.66,No,No,0,0,1
215208.6958,550.0,484.68,36.3,No,Yes,0,1,1
186211.2944,550.0,143.24,27.82,No,Yes,0,1,1
268163.8259,718.38,675.71,3.78,No,No,0,0,1
292423.6433,670.93,1133.11,24.92,Yes,No,1,0,1
160234.8661,794.96,662.62,62.2,Yes,Yes,1,1,1
387338.4613,1653.52,938.48,39.59,No,Yes,0,1,1
319925.1832,1156.68,138.9,45.17,No,Yes,0,1,1
328246.596,1546.52,1163.94,39.93,No,No,0,0,1
263012.9653,1167.24,39.92,50.25,No,Yes,0,1,1
481343.2377,1087.6,267.34,20.46,No,No,0,0,1
337965.0351,1220.43,880.16,33.81,Yes,No,1,0,1
643258.8816,1119.83,122.95,46.48,No,No,0,0,1
244632.1739,550.0,343.13,14.55,Yes,Yes,1,1,1
287497.9485,856.11,973.7,40.3,Yes,No,1,0,1
364721.6372,1115.1,675.68,52.5,No,No,0,0,1
211064.3934,817.54,549.34,40.29,Yes,Yes,1,1,1
137458.5869,550.0,223.64,23.82,No,No,0,0,1
206088.2827,550.0,256.67,8.54,Yes,Yes,1,1,1
361972.9183,1044.36,604.53,44.41,No,No,0,0,1
279416.6081,776.67,152.43,68.04,No,No,0,0,1
407186.8924,1519.25,502.67,45.85,No,Yes,0,1,1
412373.3986,1278.96,788.81,36.19,Yes,No,1,0,1
737642.2279,1300.3,467.71,8.64,No,Yes,0,1,1
217570.6037,1469.13,477.54,34.46,No,No,0,0,1
570597.1907,1325.57,793.98,2.07,No,No,0,0,1
297752.7272,1994.58,375.71,1.9,No,No,0,0,1
213944.3293,1281.0,12.43,18.25,Yes,No,1,0,1
138488.8491,561.45,268.08,45.99,No,No,0,0,1
507210.8837,1313.96,781.31,28.45,No,No,0,0,1
119443.0763,1329.87,87.85,23.7,No,No,0,0,1
482633.7756,1517.06,358.89,54.34,Yes,No,1,0,1
347294.6279,1148.9,323.78,26.85,No,Yes,0,1,1
596493.3763,1523.73,503.4,1.99,No,No,0,0,1
131576.8368,550.0,363.3,13.84,Yes,Yes,1,1,1
204452.9966,598.27,161.96,81.01,Yes,No,1,0,1
115173.7373,605.11,372.46,39.48,No,No,0,0,1
381488.4294,1630.8,351.78,5.46,No,Yes,0,1,1
170795.5101,550.0,822.35,72.38,No,No,0,0,1
265321.4022,1309.54,495.97,37.27,No,Yes,0,1,1
396806.8532,1443.58,281.3,15.55,Yes,Yes,1,1,1
221437.2518,942.58,1014.41,65.54,Yes,No,1,0,1
289809.1616,1590.23,599.36,22.85,Yes,No,1,0,1
486956.4901,1903.45,312.82,28.74,No,No,0,0,1
198667.8465,788.58,436.11,2.64,Yes,Yes,1,1,1
468264.3781,1035.15,826.13,48.99,No,Yes,0,1,1
270524.0295,727.07,590.45,16.43,Yes,No,1,0,1
321391.2068,694.46,776.85,15.9,Yes,Yes,1,1,1
609318.9799,1269.88,398.28,37.55,No,No,0,0,1
454508.5205,1663.62,381.97,47.81,Yes,No,1,0,1
238164.0926,742.88,167.55,8.13,No,Yes,0,1,1
166979.9417,1074.05,599.49,36.09,No,No,0,0,1
447702.5196,1314.29,614.58,7.08,No,Yes,0,1,1
339933.3714,838.11,599.05,5.5,Yes,No,1,0,1
238883.7761,1554.26,294.83,58.82,No,No,0,0,1
580161.3982,2166.0,861.6,53.96,Yes,No,1,0,1
280964.1246,1078.54,674.21,35.41,No,Yes,0,1,1
267189.6762,1676.08,800.64,15.08,No,No,0,0,1
128597.2572,848.39,42.21,58.47,Yes,Yes,1,1,1
375822.6095,1204.28,327.57,40.12,No,No,0,0,1
734718.2092,1625.08,623.39,11.46,No,No,0,0,1
177565.4235,676.73,51.05,31.93,Yes,No,1,0,1
458236.3894,648.6,472.46,2.51,No,No,0,0,1
146907.4989,837.14,591.95,37.98,No,No,0,0,1
173956.117,1117.45,85.43,0.62,No,Yes,0,1,1
193380.8159,889.66,122.05,17.91,No,Yes,0,1,1
163561.6621,638.87,418.58,22.36,No,Yes,0,1,1
500296.9494,1221.08,866.35,8.31,No,Yes,0,1,1
239730.0695,1403.92,689.47,17.79,Yes,No,1,0,1
457222.6993,938.87,333.4,24.16,No,No,0,0,1
287015.2723,1674.51,394.53,49.99,No,No,0,0,1
585482.7727,1431.56,277.35,54.02,No,Yes,0,1,1
343701.8081,1147.95,190.36,1.1,Yes,No,1,0,1
191467.3252,550.0,802.1,17.39,No,No,0,0,1
99606.59665,550.0,571.64,54.01,No,No,0,0,1
428629.7674,1672.6,744.28,11.36,No,No,0,0,1
435573.3916,1946.01,988.21,13.96,No,No,0,0,1
442287.2356,1183.17,508.0,36.09,No,No,0,0,1
454502.9972,922.04,252.12,20.59,No,No,0,0,1
408496.2329,1275.35,718.87,2.33,Yes,No,1,0,1
190524.11,864.67,893.85,50.87,Yes,Yes,1,1,1
251081.8918,550.0,55.88,43.24,No,No,0,0,1
522258.1523,1135.51,1130.04,34.76,No,Yes,0,1,1
267385.6889,718.96,786.18,44.73,Yes,Yes,1,1,1
381476.7155,1216.64,706.24,0.11,No,No,0,0,1
254588.0358,1581.07,885.17,25.67,No,No,0,0,1
491609.262,1819.02,531.05,37.73,Yes,No,1,0,1
281771.1895,1534.65,1016.86,31.14,No,Yes,0,1,1
212778.75,550.0,518.19,52.16,No,No,0,0,1
402903.701,1530.65,279.94,28.18,No,No,0,0,1
640803.1033,1599.75,802.63,23.38,No,Yes,0,1,1
110357.4044,917.22,824.55,43.24,Yes,Yes,1,1,1
262996.8434,1793.09,590.12,21.67,No,No,0,0,1
212264.3216,692.45,733.19,6.93,No,No,0,0,1
348766.8704,1607.44,540.91,30.53,No,No,0,0,1
245033.0932,693.51,122.93,35.38,Yes,No,1,0,1
291864.0579,1371.17,539.34,33.51,No,No,0,0,1
156066.8081,550.0,428.74,27.83,Yes,No,1,0,1
317391.1596,1274.45,313.79,3.74,No,No,0,0,1
255381.687,1254.08,552.58,16.5,No,Yes,0,1,1
677502.42,1635.4,857.57,10.9,Yes,Yes,1,1,1
280959.6153,1450.45,624.96,16.79,Yes,No,1,0,1
370193.4112,836.16,122.89,64.91,No,No,0,0,1
255525.2587,1074.67,779.04,20.57,No,No,0,0,1
184014.233,1151.89,782.58,70.69,No,No,0,0,1
419409.281,1304.8,607.91,2.91,No,No,0,0,1
571365.9853,1476.04,393.1,68.22,No,Yes,0,1,1
173014.2408,1146.31,564.3,55.74,No,No,0,0,1
277525.919,695.15,152.02,13.98,Yes,Yes,1,1,1
339707.7197,2024.4,689.65,24.58,No,No,0,0,1
227731.0587,774.52,225.48,60.59,No,No,0,0,1
263032.174,1112.35,858.86,8.25,Yes,No,1,0,1
300545.6297,786.76,264.36,22.98,Yes,Yes,1,1,1
382450.2242,550.0,507.76,87.84,No,Yes,0,1,1
261979.9442,918.9,403.11,48.74,No,No,0,0,1
285859.5581,1128.41,830.4,39.67,No,Yes,0,1,1
182601.1792,550.0,637.83,26.0,Yes,Yes,1,1,1
186732.3028,554.97,749.92,8.98,No,No,0,0,1
530379.033,970.36,688.02,51.9,No,Yes,0,1,1
332210.8691,1365.23,127.35,1.01,No,Yes,0,1,1
136195.1048,550.0,315.86,36.12,No,No,0,0,1
407233.324,550.0,671.69,30.57,No,Yes,0,1,1
126350.2557,550.0,540.45,21.68,No,Yes,0,1,1
488847.3307,1049.45,1036.44,59.32,No,No,0,0,1
241383.5785,550.0,697.67,13.41,No,Yes,0,1,1
99936.5567,563.33,268.21,6.64,No,Yes,0,1,1
312273.7125,666.52,773.56,47.59,No,Yes,0,1,1
181429.723,767.75,457.76,11.5,No,Yes,0,1,1
342213.898,964.76,267.62,7.92,Yes,No,1,0,1
289920.2097,839.98,770.73,24.32,No,No,0,0,1
379183.5131,617.91,1047.74,7.02,No,Yes,0,1,1
482617.6292,853.76,533.83,5.13,No,Yes,0,1,1
176290.8751,580.3,59.3,4.45,No,Yes,0,1,1
160035.8175,1092.71,576.81,52.48,No,No,0,0,1
209297.3314,641.81,26.55,12.78,No,Yes,0,1,1
373959.1605,805.99,418.21,12.08,No,No,0,0,1
417832.9095,1127.89,511.23,56.71,Yes,No,1,0,1
303131.7829,838.01,528.53,39.56,No,Yes,0,1,1
518283.6632,765.43,807.09,16.74,No,Yes,0,1,1
196530.6017,1087.36,1052.69,16.0,No,No,0,0,1
148202.4455,550.0,713.41,41.03,No,No,0,0,1
229348.9249,1197.83,243.29,62.44,No,No,0,0,1
392054.2836,815.17,365.5,9.41,No,No,0,0,1
176391.7665,1002.49,354.22,44.61,No,Yes,0,1,1
243330.2826,618.45,747.35,50.59,No,Yes,0,1,1
495124.7829,1059.29,616.14,17.83,No,Yes,0,1,1
146256.3008,631.07,639.68,37.98,No,Yes,0,1,1
241788.0642,580.77,384.16,55.34,No,Yes,0,1,1
322815.7941,1055.34,671.96,24.08,No,Yes,0,1,1
402125.0531,1022.97,99.39,43.53,Yes,No,1,0,1
278796.2627,550.0,290.39,63.27,No,No,0,0,1
648483.851,1494.81,584.94,14.74,No,No,0,0,1
431617.4945,1391.97,677.48,14.8,No,No,0,0,1
682259.8491,715.39,808.25,28.35,Yes,No,1,0,1
304336.8266,773.47,106.19,19.55,Yes,No,1,0,1
253480.6175,1119.46,828.44,26.99,No,No,0,0,1
344318.0144,2089.87,496.28,39.12,No,No,0,0,1
369014.675,1115.69,244.51,19.22,No,Yes,0,1,1
374546.7069,1433.79,760.96,31.27,No,Yes,0,1,1
334482.7915,1789.32,960.32,21.04,No,No,0,0,1
328549.876,550.0,234.87,58.21,No,Yes,0,1,1
465682.7256,1501.99,386.3,38.35,Yes,Yes,1,1,1
131801.5547,1153.1,369.2,17.98,No,No,0,0,1
171058.31,628.51,500.23,11.88,Yes,No,1,0,1
173633.0734,550.0,447.52,24.37,No,Yes,0,1,1
378964.0034,1303.0,436.63,21.75,No,No,0,0,1
453458.35,1412.25,777.83,24.89,No,Yes,0,1,1
400419.9643,1212.45,702.27,27.09,No,No,0,0,1
526160.6607,1436.65,826.36,22.42,No,No,0,0,1
360219.5148,1056.76,420.14,38.95,No,No,0,0,1
294272.5689,1601.42,873.92,71.18,No,No,0,0,1
517017.3736,1458.01,360.62,42.61,No,No,0,0,1
95433.65204,550.0,615.37,53.65,No,Yes,0,1,1
253190.5315,1121.1,437.81,43.68,No,Yes,0,1,1
280736.3999,897.88,292.13,10.98,No,No,0,0,1
314442.0345,1538.81,624.72,17.4,No,Yes,0,1,1
437663.5699,708.17,637.63,59.67,Yes,Yes,1,1,1
485272.1414,1909.91,624.88,23.62,No,Yes,0,1,1
407645.5491,762.09,703.08,35.11,No,No,0,0,1
534702.9622,1065.79,477.23,23.03,No,Yes,0,1,1
198687.8753,1413.38,380.84,36.26,No,No,0,0,1
434388.6594,851.92,558.47,12.62,Yes,No,1,0,1
431823.3071,2120.93,868.57,22.37,No,No,0,0,1
205001.7894,550.0,468.29,7.65,No,No,0,0,1
205791.8109,781.03,311.18,31.48,No,Yes,0,1,1
371156.6215,1331.5,355.76,41.94,No,Yes,0,1,1
426660.6039,842.83,470.72,3.32,No,No,0,0,1
218798.9246,550.0,307.22,51.18,No,No,0,0,1
288091.6363,1179.79,348.42,19.98,Yes,Yes,1,1,1
204872.0204,961.63,328.41,51.92,No,Yes,0,1,1
657127.9763,1761.18,48.26,15.11,No,No,0,0,1
200723.3825,791.03,649.05,40.72,No,Yes,0,1,1
348528.6559,816.72,713.46,18.06,Yes,Yes,1,1,1
430986.6528,1290.08,545.48,40.42,Yes,No,1,0,1
132716.068,550.0,479.38,11.91,No,No,0,0,1
185130.3115,550.0,710.84,35.57,No,No,0,0,1
220975.2677,550.0,699.71,32.22,No,Yes,0,1,1
163050.2762,1045.42,756.05,4.95,No,No,0,0,1
186999.0163,1211.47,184.46,42.06,No,No,0,0,1
525904.4053,1130.13,183.8,21.85,Yes,No,1,0,1
355199.2606,1153.92,669.68,14.18,No,No,0,0,1
143656.816,550.0,723.03,59.32,No,No,0,0,1
263709.1885,550.0,388.91,29.48,No,No,0,0,1
214391.3055,1283.06,108.24,51.64,No,No,0,0,1
191026.5823,710.7,786.11,8.59,No,Yes,0,1,1
495641.0722,2084.71,752.92,38.97,Yes,No,1,0,1
526297.9108,1226.48,426.46,25.92,No,Yes,0,1,1
153280.776,1536.79,551.39,41.68,No,No,0,0,1
494321.5561,1301.59,881.71,19.98,Yes,No,1,0,1
227381.0904,599.5,267.64,19.0,Yes,No,1,0,1
189641.8097,550.0,521.81,5.33,No,Yes,0,1,1
161515.2686,550.0,831.02,49.5,Yes,No,1,0,1
247243.8197,1580.25,388.2,65.62,No,No,0,0,1
600382.1171,1747.09,911.97,29.24,Yes,No,1,0,1
151697.7123,550.0,122.72,17.74,No,Yes,0,1,1
232339.2558,550.0,708.09,41.43,No,No,0,0,1
228188.9861,1111.01,99.59,3.98,No,Yes,0,1,1
435343.9722,550.0,323.78,23.33,No,Yes,0,1,1
112603.21,699.19,301.7,16.4,No,Yes,0,1,1
265497.8918,550.0,636.64,48.26,No,Yes,0,1,1
619118.0958,957.72,243.74,46.61,No,No,0,0,1
484760.7987,1297.6,634.47,29.19,No,No,0,0,1
177463.4998,577.32,300.27,29.07,No,No,0,0,1
194015.63,1348.9,38.59,52.42,No,Yes,0,1,1
158445.3716,550.0,332.98,68.79,No,Yes,0,1,1
269629.0388,749.09,1150.48,27.69,No,No,0,0,1
525938.1543,2084.5,151.81,44.87,No,No,0,0,1
126925.7731,550.0,286.36,53.45,Yes,No,1,0,1
105192.0811,1084.8,991.96,35.06,No,No,0,0,1
608734.7679,550.0,550.49,12.1,Yes,No,1,0,1
304735.3154,1197.9,617.49,41.0,No,No,0,0,1
300761.3612,973.77,21.96,2.2,No,No,0,0,1
353152.4661,1486.19,22.33,8.27,No,Yes,0,1,1
198495.9734,550.0,336.41,26.47,Yes,Yes,1,1,1
161003.0709,1130.17,619.97,60.37,No,No,0,0,1
376548.3196,934.16,395.8,20.65,No,No,0,0,1
155927.1016,550.0,201.22,52.54,Yes,No,1,0,1
217705.6329,550.0,187.18,31.03,Yes,No,1,0,1
221361.2166,550.0,949.48,2.48,Yes,Yes,1,1,1
504143.4412,1508.17,550.37,11.22,Yes,Yes,1,1,1
397818.3873,1112.53,646.41,68.92,Yes,Yes,1,1,1
419687.7832,1823.78,536.54,26.43,No,No,0,0,1
184673.4119,550.0,557.79,62.83,Yes,No,1,0,1
598525.1942,1497.19,122.48,22.74,No,No,0,0,1
169087.4955,630.08,442.2,36.62,No,Yes,0,1,1
173075.952,550.0,33.49,59.3,Yes,Yes,1,1,1
216188.775,550.0,638.84,7.88,No,Yes,0,1,1
254403.7403,864.82,429.09,44.84,No,Yes,0,1,1
336339.7509,1446.43,315.55,64.45,No,No,0,0,1
414412.5618,883.15,96.79,6.41,No,Yes,0,1,1
157820.79,550.0,678.37,2.88,No,No,0,0,1
155738.7254,550.0,434.12,72.52,No,No,0,0,1
502763.8162,1027.62,320.24,51.83,No,No,0,0,1
255664.0662,749.05,549.21,32.97,Yes,No,1,0,1
313708.945,652.65,854.55,48.39,No,Yes,0,1,1
723129.0195,1258.04,590.21,40.66,No,Yes,0,1,1
425611.6652,1464.33,772.16,46.01,No,No,0,0,1
190459.3301,550.0,754.56,3.18,Yes,No,1,0,1
703023.0198,1253.25,765.5,25.12,No,Yes,0,1,1
373244.7733,1640.53,762.09,38.79,No,No,0,0,1
200241.5569,1374.7,975.73,48.46,No,No,0,0,1
115497.4784,1034.69,310.93,34.97,No,Yes,0,1,1
396197.2993,550.0,15.53,7.47,No,No,0,0,1
327234.425,763.97,39.86,10.03,Yes,No,1,0,1
120333.7165,914.43,424.12,49.03,No,No,0,0,1
405318.1143,1200.48,626.2,25.45,No,Yes,0,1,1
494961.776,980.7,971.62,22.44,No,No,0,0,1
321483.2509,911.89,227.28,32.68,No,No,0,0,1
307637.3231,1414.96,279.23,12.03,No,Yes,0,1,1
242853.308,550.0,154.58,41.08,No,No,0,0,1
123982.6111,1068.13,234.66,24.13,Yes,No,1,0,1
435836.4462,839.29,787.77,20.54,Yes,No,1,0,1
374614.6022,1025.0,126.63,37.7,No,No,0,0,1
373283.2345,1871.3,449.26,45.89,No,No,0,0,1
451607.1293,969.23,520.41,39.87,No,No,0,0,1
124213.8928,833.98,761.83,0.46,No,No,0,0,1
417684.3441,993.33,16.87,13.15,No,No,0,0,1
298794.561,678.77,559.45,37.69,No,Yes,0,1,1
560068.1806,1337.26,159.82,20.92,No,No,0,0,1
340917.3854,550.0,288.62,51.03,No,No,0,0,1
342763.2987,1345.29,1189.16,46.43,No,No,0,0,1
523778.007,1443.95,855.02,48.82,Yes,Yes,1,1,1
155752.5599,550.0,302.87,46.87,No,Yes,0,1,1
486352.0095,1192.83,105.48,22.01,No,No,0,0,1
250923.2967,991.63,449.5,66.92,No,No,0,0,1
667923.2014,1390.12,563.31,24.52,No,No,0,0,1
475596.2442,833.65,146.03,5.6,No,No,0,0,1
419842.9604,2270.33,866.26,18.49,Yes,No,1,0,1
150163.8716,574.52,414.02,55.0,No,No,0,0,1
157124.4944,693.72,867.88,27.4,No,No,0,0,1
197612.8364,836.49,576.88,20.09,No,Yes,0,1,1
409646.4482,1335.51,600.96,62.9,No,No,0,0,1
148770.5336,550.0,88.3,29.27,No,No,0,0,1
213261.663,550.0,332.63,41.13,No,No,0,0,1
216433.4357,782.82,741.57,18.11,Yes,No,1,0,1
212162.2289,620.84,17.86,19.36,No,Yes,0,1,1
201706.6066,1109.35,763.77,21.42,No,No,0,0,1
261627.3172,978.37,680.76,34.85,No,No,0,0,1
377300.6063,1100.96,627.73,55.11,Yes,Yes,1,1,1
211992.4724,1164.7,444.84,35.25,No,No,0,0,1
264839.3572,1456.13,505.8,18.49,No,No,0,0,1
489802.9489,1039.35,650.54,8.56,No,No,0,0,1
315149.8746,846.32,411.26,50.98,Yes,No,1,0,1
213942.7096,550.0,91.33,30.39,No,No,0,0,1
258971.5503,652.06,468.82,14.55,Yes,Yes,1,1,1
326000.9774,1491.94,417.7,52.34,No,Yes,0,1,1
312373.5076,550.0,901.68,45.68,No,No,0,0,1
404266.6567,1965.06,438.83,14.38,Yes,Yes,1,1,1
200522.0759,1437.55,648.85,4.35,No,No,0,0,1
146466.797,965.39,895.86,35.35,No,No,0,0,1
316356.8508,1188.25,652.33,2.69,No,Yes,0,1,1
614452.2313,601.52,17.2,39.14,No,No,0,0,1
109675.7564,984.56,517.43,39.41,No,No,0,0,1
188197.7996,1012.32,256.97,50.62,No,Yes,0,1,1
177950.6854,1600.19,478.72,26.65,No,Yes,0,1,1
267719.6513,1187.7,307.7,48.71,No,No,0,0,1
313537.9701,550.0,617.2,17.01,No,No,0,0,1
364494.1333,845.58,741.27,36.34,Yes,No,1,0,1
231084.943,550.0,135.95,44.81,No,Yes,0,1,1
645447.0741,1522.38,155.02,34.47,No,No,0,0,1
429335.8056,684.72,783.95,49.92,Yes,Yes,1,1,1
305869.2898,2027.73,468.29,0.98,No,No,0,0,1
271978.4914,550.0,336.53,64.15,Yes,No,1,0,1
239669.8073,1161.42,314.41,26.21,No,No,0,0,1
123193.9487,550.0,578.73,11.14,Yes,No,1,0,1
152463.6497,550.0,161.86,12.7,No,No,0,0,1
316639.2276,708.42,318.42,47.05,Yes,No,1,0,1
238850.653,851.29,522.92,9.66,No,No,0,0,1
237290.0276,764.52,386.47,31.95,No,No,0,0,1
314516.4965,1626.18,91.59,4.27,Yes,No,1,0,1
139434.7349,1119.76,140.58,30.45,No,No,0,0,1
208095.515,752.32,260.31,58.86,No,Yes,0,1,1
390564.6804,726.14,957.37,16.79,No,No,0,0,1
136573.2213,550.0,707.67,31.62,No,No,0,0,1
626404.882,1701.92,700.3,27.23,No,No,0,0,1
350775.5173,1729.0,976.73,45.88,Yes,Yes,1,1,1
244689.5845,1239.22,704.29,15.15,No,No,0,0,1
240373.1799,1556.84,447.06,7.5,No,No,0,0,1
387250.9039,1248.45,485.22,51.4,Yes,No,1,0,1
129689.9637,561.66,569.17,16.98,No,Yes,0,1,1
293707.9213,1063.86,92.99,20.16,Yes,No,1,0,1
368139.5903,956.73,726.06,7.56,Yes,Yes,1,1,1
179974.6589,550.0,362.85,22.98,No,Yes,0,1,1
259050.8582,886.37,398.52,34.23,No,Yes,0,1,1
326597.9895,1877.12,301.79,38.96,Yes,No,1,0,1
175103.9545,961.04,627.06,26.32,Yes,Yes,1,1,1
533177.8282,1346.49,458.14,23.97,No,Yes,0,1,1
316008.5649,1162.05,342.03,39.65,No,No,0,0,1
288943.0812,1004.55,82.68,4.07,No,No,0,0,1
151346.0076,550.0,389.08,18.27,No,No,0,0,1
189832.326,1357.24,487.59,40.03,No,No,0,0,1
165314.1196,550.0,705.59,24.42,No,Yes,0,1,1
568686.5643,1258.98,408.25,11.81,No,Yes,0,1,1
211134.6658,698.31,98.81,44.86,No,No,0,0,1
212058.1,1536.77,1005.53,28.63,Yes,Yes,1,1,1
366239.7416,1798.59,435.48,27.94,No,No,0,0,1
228390.5602,793.32,304.51,46.85,Yes,No,1,0,1
456091.1396,1429.85,251.0,4.11,Yes,Yes,1,1,1
300847.7556,827.92,10.11,27.52,No,No,0,0,1
160527.0884,550.0,713.64,34.8,Yes,No,1,0,1
233758.1789,1154.48,736.5,4.36,No,Yes,0,1,1
620761.0913,1417.85,138.31,41.78,No,No,0,0,1
417029.354,1141.4,1145.94,4.85,No,No,0,0,1
583594.3052,550.0,656.65,20.3,Yes,Yes,1,1,1
206009.2135,923.29,449.7,66.34,No,Yes,0,1,1
133702.1794,550.0,549.03,47.09,Yes,No,1,0,1
212495.787,1114.92,597.83,30.82,Yes,No,1,0,1
221981.4242,550.0,655.24,28.95,No,Yes,0,1,1
474034.7618,1507.65,558.08,23.71,No,Yes,0,1,1
192633.9577,1647.35,432.94,30.26,Yes,No,1,0,1
427431.2759,1218.44,600.08,19.22,No,Yes,0,1,1
261047.3999,550.0,782.01,28.96,Yes,Yes,1,1,1
296217.7279,550.0,604.56,60.97,No,No,0,0,1
129388.4959,550.0,681.93,36.97,No,Yes,0,1,1
409878.8723,1079.63,200.42,26.78,No,Yes,0,1,1
495929.0495,1180.31,712.91,49.16,No,No,0,0,1
147745.9663,550.0,263.14,61.5,No,No,0,0,1
219864.9676,1070.9,683.25,38.34,No,No,0,0,1
475695.0762,743.68,316.28,11.74,Yes,Yes,1,1,1
316529.5757,1249.65,296.48,41.82,No,No,0,0,1
423017.0623,1493.58,129.92,45.13,No,No,0,0,1
297105.0299,1735.68,463.03,39.44,No,Yes,0,1,1
349472.4024,1934.49,227.09,66.53,No,No,0,0,1
238200.4947,1814.94,482.49,13.44,No,Yes,0,1,1
792610.5784,1575.64,725.74,39.77,Yes,No,1,0,1
344047.9713,550.0,818.94,69.62,Yes,Yes,1,1,1
211818.7781,550.0,675.95,33.55,Yes,Yes,1,1,1
285620.1963,1305.88,686.75,41.84,No,No,0,0,1
210535.6385,1089.42,231.1,38.1,No,No,0,0,1
254107.183,830.2,407.98,9.6,Yes,No,1,0,1
272714.9805,1271.3,720.44,20.22,No,No,0,0,1
398329.3149,1119.09,525.71,5.43,Yes,No,1,0,1
245087.8371,1010.8,489.74,5.04,Yes,No,1,0,1
170927.4512,550.0,104.91,5.1,No,Yes,0,1,1
237038.4748,733.29,141.91,32.07,No,Yes,0,1,1
461624.9916,1227.87,687.69,4.82,No,No,0,0,1
224554.9565,678.8,246.18,32.37,No,Yes,0,1,1
140612.4978,652.83,850.9,65.34,No,No,0,0,1
122369.3828,1317.8,790.22,32.45,No,No,0,0,1
122942.4841,1932.48,729.53,26.85,No,No,0,0,1
569970.3125,1490.23,689.33,49.56,Yes,No,1,0,1
150732.3466,1358.21,521.29,51.7,Yes,No,1,0,1
316067.8247,550.0,278.61,64.42,No,No,0,0,1
261671.7439,1675.25,124.92,16.59,No,No,0,0,1
133318.193,1202.25,1058.19,4.8,No,Yes,0,1,1
138399.473,550.0,1007.36,42.32,No,No,0,0,1
237929.7921,550.0,666.22,20.35,No,No,0,0,1
315406.2612,728.9,522.87,35.02,Yes,No,1,0,1
392453.3512,1242.45,423.82,39.41,No,No,0,0,1
114903.9616,550.0,130.27,2.44,No,No,0,0,1
237640.116,1307.13,912.24,20.24,No,No,0,0,1
182011.2419,1129.54,571.13,3.09,Yes,No,1,0,1
470823.9488,1375.85,586.85,25.38,No,No,0,0,1
202885.8129,1151.06,702.13,44.28,Yes,No,1,0,1
111416.3788,550.0,468.94,42.26,No,No,0,0,1
208725.8216,614.91,782.71,63.76,No,No,0,0,1
314236.1486,820.01,317.93,52.33,No,No,0,0,1
284879.1228,931.87,451.27,32.4,No,No,0,0,1
233957.5616,856.95,382.5,25.33,No,No,0,0,1
383769.6262,1765.4,253.74,40.56,Yes,Yes,1,1,1
272141.8741,2276.81,407.48,44.92,No,Yes,0,1,1
434302.9891,860.5,358.51,43.81,Yes,No,1,0,1
514905.4143,1041.99,345.04,30.18,No,Yes,0,1,1
235906.2019,917.46,67.71,40.24,Yes,No,1,0,1
690817.5719,1507.66,6.65,43.4,Yes,Yes,1,1,1
162023.5571,550.0,436.97,26.02,Yes,No,1,0,1
538399.5854,1396.88,676.08,4.72,No,Yes,0,1,1
254576.9433,550.0,378.65,45.75,No,Yes,0,1,1
397727.5906,988.67,790.26,29.59,No,Yes,0,1,1
291232.6503,1750.04,362.73,22.58,No,No,0,0,1
125222.8788,550.0,720.12,46.22,Yes,Yes,1,1,1
166647.5865,550.0,272.3,27.42,No,Yes,0,1,1
156166.44,550.0,853.26,31.21,No,No,0,0,1
210119.1061,550.0,457.16,28.86,Yes,No,1,0,1
241756.4496,988.51,733.98,54.64,No,No,0,0,1
309935.7079,958.57,387.23,6.1,No,No,0,0,1
218627.8816,931.9,758.73,14.69,No,Yes,0,1,1
143641.9416,721.86,935.64,19.29,No,No,0,0,1
286044.0372,1143.53,524.9,42.78,No,No,0,0,1
104023.8176,715.82,320.74,1.88,No,No,0,0,1
339797.2043,1181.53,550.01,69.19,Yes,No,1,0,1
200364.2045,660.33,482.39,53.07,No,No,0,0,1
169634.2876,1408.62,10.2,60.58,No,No,0,0,1
352065.9162,950.65,606.46,42.78,No,No,0,0,1
886794.5153,2067.52,454.9,15.09,No,Yes,0,1,1
216799.6083,907.53,748.6,3.35,No,No,0,0,1
315392.5697,1261.2,689.67,22.1,Yes,Yes,1,1,1
186050.0754,550.0,803.59,27.49,Yes,No,1,0,1
351693.9419,1670.63,313.01,40.71,Yes,Yes,1,1,1
443988.6118,1016.27,401.64,39.96,No,No,0,0,1
617207.559,1001.8,904.57,23.34,No,No,0,0,1
149241.5454,622.21,396.34,73.07,Yes,No,1,0,1
269009.5188,768.34,437.5,15.44,No,No,0,0,1
333735.1911,885.62,680.56,4.08,No,No,0,0,1
427831.505,1011.88,343.21,66.43,No,Yes,0,1,1
245490.2744,627.81,966.52,42.58,No,No,0,0,1
608847.1727,1511.53,418.15,6.65,Yes,Yes,1,1,1
286517.6173,550.0,718.57,78.04,No,No,0,0,1
593545.3229,1779.72,778.64,28.39,No,Yes,0,1,1
295655.806,1694.81,139.81,27.34,No,No,0,0,1
301531.291,1688.66,1177.54,15.56,Yes,No,1,0,1
210741.0948,550.0,1158.94,43.36,No,Yes,0,1,1
347354.1662,907.53,179.96,11.45,No,No,0,0,1
278669.5552,1207.53,375.11,52.36,No,Yes,0,1,1
477165.3027,1042.11,23.68,25.92,No,No,0,0,1
232895.9821,1235.16,659.72,38.95,No,No,0,0,1
286157.5785,1072.14,410.06,54.33,No,No,0,0,1
281207.9236,1037.71,395.12,26.89,No,No,0,0,1
353661.9706,753.57,111.24,9.15,No,No,0,0,1
381979.7939,1424.81,395.86,52.83,No,No,0,0,1
471910.8547,627.46,174.16,49.24,Yes,No,1,0,1
219383.0633,693.41,618.25,45.84,Yes,Yes,1,1,1
383782.12,772.35,1015.04,9.02,No,Yes,0,1,1
208066.991,550.0,863.66,58.14,No,No,0,0,1
361524.6245,1143.01,490.36,66.91,No,Yes,0,1,1
659953.378,1239.61,318.27,35.62,No,No,0,0,1
224359.4159,1014.03,396.61,47.7,No,Yes,0,1,1
332770.3718,743.83,926.96,22.8,No,No,0,0,1
482770.4988,2708.44,1078.8,47.06,No,Yes,0,1,1
216370.6087,907.67,188.41,19.17,No,Yes,0,1,1
418251.3239,1077.67,603.2,60.19,No,No,0,0,1
254496.9435,550.0,626.47,29.29,No,Yes,0,1,1
115019.541,869.73,211.54,31.82,Yes,No,1,0,1
100174.4082,1029.9,1071.09,34.01,Yes,Yes,1,1,1
347081.426,550.0,89.87,11.97,Yes,No,1,0,1
525363.0919,1117.59,616.08,34.48,Yes,No,1,0,1
646044.7923,1628.4,929.5,28.95,No,No,0,0,1
387011.2144,1262.8,501.86,9.49,No,No,0,0,1
240366.07,550.0,617.59,14.23,No,No,0,0,1
501007.4446,1625.37,639.07,49.12,No,No,0,0,1
281735.2741,637.46,301.25,39.37,No,No,0,0,1
136459.9782,550.0,402.31,21.18,No,Yes,0,1,1
620090.1414,1993.82,945.57,15.01,No,Yes,0,1,1
273118.2426,1286.95,391.19,60.72,No,No,0,0,1
153088.6481,796.16,319.94,62.82,No,No,0,0,1
466284.5385,686.31,391.81,7.56,No,Yes,0,1,1
347521.6518,1130.98,728.38,7.6,No,Yes,0,1,1
97658.68326,570.95,430.1,51.1,Yes,Yes,1,1,1
450177.8117,1624.02,347.64,9.1,No,No,0,0,1
107024.1718,550.0,248.59,9.25,Yes,No,1,0,1
310568.5287,794.37,398.39,15.58,Yes,No,1,0,1
231360.7667,1025.84,281.77,13.57,No,Yes,0,1,1
387343.3414,1050.8,639.11,22.15,No,No,0,0,1
381358.9809,1236.22,344.69,5.85,Yes,No,1,0,1
143398.796,550.0,912.03,39.76,Yes,No,1,0,1
474627.2892,1855.43,470.89,21.83,Yes,Yes,1,1,1
461259.7733,1221.31,76.34,17.23,No,Yes,0,1,1
448211.1312,1399.26,558.14,29.05,No,Yes,0,1,1
92938.70913,960.39,56.01,48.45,No,Yes,0,1,1
424157.0636,1266.03,193.31,8.01,No,Yes,0,1,1
422702.956,1634.15,345.16,22.1,Yes,No,1,0,1
153917.287,1099.39,473.78,30.55,No,No,0,0,1
453381.6964,1649.83,709.08,27.17,No,No,0,0,1
468387.3522,969.93,1056.2,10.58,No,Yes,0,1,1
562257.4662,2248.84,893.01,21.06,No,No,0,0,1
93232.90803,550.0,761.09,39.02,Yes,No,1,0,1
224747.4841,587.4,342.57,36.43,No,Yes,0,1,1
213545.5455,550.0,150.11,16.11,No,No,0,0,1
257575.6003,823.51,860.47,25.85,No,Yes,0,1,1
374394.5975,1558.66,296.59,34.11,No,Yes,0,1,1
348708.1724,1393.42,708.88,0.91,No,No,0,0,1
448917.0742,1285.44,459.17,30.45,Yes,No,1,0,1
365297.3814,1570.07,573.13,12.88,Yes,Yes,1,1,1
152757.5791,550.0,293.15,22.66,No,No,0,0,1
275840.3174,935.51,308.27,43.09,No,Yes,0,1,1
484933.0256,1300.82,233.65,46.48,No,No,0,0,1
370321.2777,1435.66,728.82,23.38,No,No,0,0,1
292786.7026,550.0,241.6,6.62,No,Yes,0,1,1
228894.6688,1434.23,1098.97,7.96,No,No,0,0,1
353073.7393,1289.99,1167.82,65.22,No,No,0,0,1
267446.7827,550.0,952.15,51.97,Yes,No,1,0,1
370271.3157,550.0,640.79,33.22,Yes,No,1,0,1
104158.8928,690.05,538.02,35.7,Yes,No,1,0,1
447877.4851,1745.79,308.21,14.07,No,No,0,0,1
129900.059,550.0,981.28,26.15,No,No,0,0,1
340568.4586,982.87,495.4,17.54,No,Yes,0,1,1
450120.2274,1323.84,541.45,30.8,No,Yes,0,1,1
114429.4825,550.0,57.78,40.94,Yes,Yes,1,1,1
104513.2586,550.0,862.38,46.86,No,No,0,0,1
324845.1451,550.0,333.86,43.69,No,Yes,0,1,1
117006.0878,883.65,181.05,69.75,No,No,0,0,1
381307.9566,923.6,1037.53,44.11,No,No,0,0,1
115916.9002,794.53,510.42,6.72,Yes,No,1,0,1
242997.8024,550.0,696.95,43.1,No,No,0,0,1
395737.0034,1679.48,257.07,65.43,No,No,0,0,1
441519.1742,1304.89,173.37,37.06,No,Yes,0,1,1
310836.675,1155.16,353.63,47.38,No,Yes,0,1,1
290953.5195,1835.88,453.04,6.22,No,Yes,0,1,1
210357.1794,974.94,362.45,24.58,No,Yes,0,1,1
249026.8006,1297.69,398.22,37.61,Yes,No,1,0,1
529933.9121,1532.08,596.12,31.49,No,No,0,0,1
485007.0675,1724.11,670.39,30.88,No,No,0,0,1
308251.633,789.27,779.57,58.5,Yes,Yes,1,1,1
562999.5872,1714.11,155.15,20.35,No,Yes,0,1,1
340631.8618,980.86,717.95,31.73,No,No,0,0,1
523767.7046,1489.93,862.07,24.76,No,Yes,0,1,1
126907.9817,854.94,870.33,59.28,Yes,No,1,0,1
146561.8749,741.88,410.81,64.32,No,Yes,0,1,1
343291.7696,1496.13,533.45,7.99,No,Yes,0,1,1
290997.8478,832.82,141.54,27.69,No,No,0,0,1
380932.1843,964.37,750.08,24.98,No,Yes,0,1,1
242757.0393,550.0,762.92,29.73,No,No,0,0,1
509827.0368,1080.35,2.96,54.64,No,Yes,0,1,1
472529.7265,1403.77,129.39,24.71,No,Yes,0,1,1
274502.3597,550.0,301.03,43.19,No,Yes,0,1,1
132388.1021,779.1,627.22,31.39,Yes,No,1,0,1
404306.4957,944.74,21.02,62.6,No,No,0,0,1
329247.9503,1485.34,383.98,67.23,No,No,0,0,1
334222.911,1128.09,1188.71,23.63,No,No,0,0,1
339524.9233,1421.46,87.38,14.46,No,Yes,0,1,1
585368.7054,1423.13,1042.69,1.31,No,No,0,0,1
502126.3337,1264.62,479.7,49.7,No,No,0,0,1
246889.3273,812.79,548.93,2.81,Yes,No,1,0,1
240660.9713,1491.62,697.87,35.19,Yes,No,1,0,1
284932.3879,993.08,664.6,38.4,No,No,0,0,1
125238.514,550.0,229.63,23.94,Yes,No,1,0,1
214698.3418,1005.09,570.17,35.63,No,Yes,0,1,1
382323.3238,1110.0,920.57,10.05,No,No,0,0,1
553529.407,1558.41,318.07,8.92,No,Yes,0,1,1
586566.5032,951.57,1060.24,44.36,No,Yes,0,1,1
538563.3249,783.16,902.49,38.33,Yes,No,1,0,1
123248.2187,550.0,550.0,12.75,No,Yes,0,1,1
146166.2415,1082.1,249.98,19.5,No,No,0,0,1
251505.5591,1092.77,447.63,35.32,No,No,0,0,1
368115.7688,959.56,464.31,22.58,No,No,0,0,1
240192.4531,804.51,29.88,61.67,Yes,Yes,1,1,1
342235.6781,1667.57,725.07,9.92,No,Yes,0,1,1
310011.5463,830.53,551.53,39.68,No,No,0,0,1
438073.2503,946.23,887.52,85.81,No,No,0,0,1
250129.0723,733.8,274.49,37.07,No,No,0,0,1
134947.6784,571.32,46.44,6.49,No,No,0,0,1
124403.889,1038.58,280.62,45.26,No,No,0,0,1
440072.279,1538.84,554.16,52.81,No,No,0,0,1
258582.6683,971.55,603.51,5.99,No,Yes,0,1,1
252517.6259,595.59,467.09,36.63,No,Yes,0,1,1
258512.2302,652.12,558.57,13.08,No,No,0,0,1
498653.2234,1921.88,1107.22,50.88,No,No,0,0,1
329619.015,651.16,669.6,2.35,No,No,0,0,1
279867.7461,1033.49,326.57,37.44,No,No,0,0,1
323164.5796,1871.4,1056.66,30.08,No,No,0,0,1
403830.6891,1001.84,332.49,9.02,No,No,0,0,1
215155.1638,1795.33,644.33,55.56,No,No,0,0,1
261183.9614,1263.08,907.5,26.35,No,No,0,0,1
227842.6556,671.09,1075.03,44.77,No,No,0,0,1
197999.7267,1044.25,910.52,29.77,No,Yes,0,1,1
176935.0647,1815.46,771.53,19.91,No,No,0,0,1
108440.3348,961.1,296.34,31.93,No,No,0,0,1
299913.9487,697.13,430.79,68.64,No,Yes,0,1,1
249306.0817,1312.12,821.74,18.96,No,No,0,0,1
250513.3016,829.58,384.04,23.32,Yes,Yes,1,1,1
762115.1725,2490.43,833.81,34.89,Yes,No,1,0,1
329381.0779,1001.56,263.57,30.18,No,No,0,0,1
200388.3774,1046.96,547.47,7.39,No,No,0,0,1
409778.0401,1545.27,456.73,35.74,No,No,0,0,1
413974.069,550.0,818.08,1.83,No,Yes,0,1,1
103526.004,550.0,1100.68,45.34,No,No,0,0,1
257858.5181,1621.94,876.87,34.41,No,No,0,0,1
232581.0797,661.77,42.18,21.61,No,No,0,0,1
190445.474,812.11,531.14,32.76,No,No,0,0,1
319907.6503,550.0,578.04,34.49,No,Yes,0,1,1
265244.4909,1092.04,898.47,36.76,No,Yes,0,1,1
186239.1336,550.0,641.2,37.94,No,Yes,0,1,1
401616.0384,1324.19,912.02,16.72,Yes,No,1,0,1
550806.2523,1156.86,299.83,15.05,No,Yes,0,1,1
575483.7131,1608.87,686.46,23.12,No,Yes,0,1,1
190496.3225,1031.39,985.75,14.48,Yes,Yes,1,1,1
325511.0531,1598.52,818.43,2.16,No,No,0,0,1
538782.9954,780.03,751.38,29.6,Yes,Yes,1,1,1
249095.1846,1102.15,154.99,56.57,No,No,0,0,1
172778.1646,891.48,452.06,14.33,No,No,0,0,1
340874.8921,550.0,374.41,25.36,No,Yes,0,1,1
273342.7544,1455.53,629.97,26.49,Yes,No,1,0,1
204548.7601,1191.08,988.35,65.89,No,No,0,0,1
384459.5762,1493.52,376.53,16.21,No,No,0,0,1
330214.4503,1005.66,331.58,24.34,No,Yes,0,1,1
516493.2791,1318.48,729.79,18.15,No,No,0,0,1
431148.7435,1637.19,618.26,4.91,No,Yes,0,1,1
430033.2976,1695.41,892.47,15.13,No,No,0,0,1
757606.1064,927.68,542.23,38.64,No,Yes,0,1,1
239682.4448,1182.12,224.42,45.22,Yes,No,1,0,1
136788.5121,550.0,589.75,29.66,No,No,0,0,1
98929.34482,1236.85,294.35,24.57,No,No,0,0,1
182808.4471,615.46,609.89,49.67,Yes,Yes,1,1,1
127334.7909,550.0,621.03,39.89,No,Yes,0,1,1
353948.1172,1528.58,531.36,29.4,No,No,0,0,1
247148.1142,1073.95,663.46,36.18,No,No,0,0,1
106924.3224,550.0,843.15,19.1,No,Yes,0,1,1
416945.0408,1678.52,525.2,34.36,No,No,0,0,1
283082.2691,1655.22,564.2,48.38,No,Yes,0,1,1
358917.8559,1043.69,807.17,24.66,No,Yes,0,1,1
405354.2239,1591.98,624.6,10.27,No,No,0,0,1
286151.1759,550.0,107.06,2.22,No,Yes,0,1,1
131566.7884,1495.69,406.98,19.53,No,Yes,0,1,1
517182.0461,1753.26,821.42,16.11,Yes,Yes,1,1,1
480393.3519,767.32,959.68,18.66,Yes,Yes,1,1,1
513018.4992,1551.81,171.86,23.05,Yes,No,1,0,1
515607.6582,1141.41,644.65,33.72,No,Yes,0,1,1
176927.042,550.0,430.55,39.64,No,Yes,0,1,1
358663.64,1777.14,848.92,40.2,No,No,0,0,1
706219.0713,1604.98,1003.18,56.09,No,No,0,0,1
792894.9964,1968.15,457.57,3.32,No,No,0,0,1
268209.7012,1110.08,856.25,32.27,No,Yes,0,1,1
218544.7836,550.0,30.37,47.77,Yes,No,1,0,1
168317.69,620.57,341.6,36.93,No,No,0,0,1
267861.9687,550.0,410.36,27.77,Yes,No,1,0,1
507060.376,1006.33,120.7,35.3,Yes,No,1,0,1
228252.0107,550.0,389.02,29.16,No,No,0,0,1
417763.8683,901.44,764.24,8.35,No,No,0,0,1
383041.2467,729.07,507.42,42.75,No,No,0,0,1
112542.6906,583.35,537.69,52.92,Yes,No,1,0,1
568980.2354,1941.32,423.72,36.91,No,No,0,0,1
389326.1707,1484.56,393.27,8.45,Yes,Yes,1,1,1
264831.5196,705.09,50.75,43.91,No,No,0,0,1
270249.3015,820.59,216.74,53.91,No,No,0,0,1
136396.0182,992.02,703.47,23.18,No,No,0,0,1
503860.9955,550.0,666.56,18.8,Yes,No,1,0,1
518778.2562,664.34,329.85,22.28,Yes,No,1,0,1
120926.3367,1035.83,1.71,29.27,No,No,0,0,1
181831.7142,583.5,821.47,67.66,No,Yes,0,1,1
93305.58428,746.61,512.08,1.57,No,No,0,0,1
343331.3822,1327.58,206.74,34.7,No,No,0,0,1
146723.0108,843.57,540.72,47.61,Yes,No,1,0,1
330790.1596,1385.61,895.75,6.28,No,Yes,0,1,1
156967.4791,1107.8,230.53,24.96,Yes,No,1,0,1
498276.9679,1407.15,850.04,35.0,No,No,0,0,1
542380.0601,1619.61,525.23,34.42,Yes,No,1,0,1
378672.5579,1965.66,975.98,11.21,No,Yes,0,1,1
103964.3977,578.86,250.57,9.24,No,Yes,0,1,1
161625.0268,1235.84,772.48,1.79,No,Yes,0,1,1
334002.7703,775.73,549.76,50.83,No,No,0,0,1
305688.4008,1121.99,488.69,20.04,No,No,0,0,1
387905.4289,1779.8,186.06,20.99,No,Yes,0,1,1
167472.0815,1299.69,424.48,23.92,Yes,No,1,0,1
298909.3055,1063.19,195.27,6.81,No,Yes,0,1,1
321947.5436,1499.31,653.16,15.67,No,No,0,0,1
542981.5677,1327.95,1003.32,10.3,No,No,0,0,1
535154.4711,1070.45,1023.25,19.79,No,No,0,0,1
546651.7415,1302.16,725.26,23.77,No,No,0,0,1
222960.7761,657.08,52.16,35.64,No,No,0,0,1
357079.6137,978.99,659.92,10.14,No,Yes,0,1,1
365333.5173,981.82,690.83,66.23,No,No,0,0,1
347310.3844,873.22,246.33,34.65,Yes,Yes,1,1,1
327888.4721,550.0,50.69,14.85,No,No,0,0,1
883958.615,2019.13,1084.36,60.23,No,Yes,0,1,1
191506.719,700.48,293.74,50.52,No,No,0,0,1
325744.8575,550.0,416.56,10.68,Yes,No,1,0,1
419930.8983,1808.55,554.65,25.62,No,No,0,0,1
269009.2878,807.11,134.11,26.15,No,Yes,0,1,1
419274.0225,1452.3,433.51,45.29,No,No,0,0,1
106297.8135,550.0,556.49,43.09,No,No,0,0,1
273234.9181,879.41,105.34,19.63,No,No,0,0,1
212650.92,1058.49,472.04,46.06,No,No,0,0,1
265790.3215,808.65,624.84,34.01,Yes,Yes,1,1,1
518750.5255,1489.94,756.14,60.97,No,No,0,0,1
384430.795,1171.95,825.6,34.49,Yes,No,1,0,1
492276.2695,1628.49,615.83,19.42,No,No,0,0,1
539096.1489,1551.28,443.14,47.68,No,No,0,0,1
246079.8052,1231.75,471.26,32.8,Yes,No,1,0,1
301378.5948,1115.75,381.71,39.5,Yes,Yes,1,1,1
301380.6057,550.0,447.39,27.65,Yes,No,1,0,1
508327.047,1915.77,651.22,43.37,No,Yes,0,1,1
295526.5491,1658.09,1082.73,25.08,No,No,0,0,1
371386.4164,684.47,801.58,12.23,No,No,0,0,1
262908.9842,550.0,614.11,27.62,Yes,Yes,1,1,1
187483.5506,550.0,769.96,46.43,No,No,0,0,1
286754.0923,671.79,325.32,39.49,No,No,0,0,1
111636.4294,951.87,414.15,32.25,Yes,No,1,0,1
191821.5281,790.34,196.86,7.03,Yes,No,1,0,1
196597.1681,821.78,782.35,35.37,No,Yes,0,1,1
320930.4065,1379.63,507.39,32.89,No,No,0,0,1
481706.3547,1823.82,309.59,32.58,No,No,0,0,1
560996.5578,1788.56,138.08,6.45,No,Yes,0,1,1
381219.9857,1638.91,831.23,9.47,No,No,0,0,1
233257.5243,1418.77,114.07,41.07,No,No,0,0,1
499059.3625,1228.57,347.97,38.93,No,Yes,0,1,1
356287.0826,1778.38,595.93,61.01,No,No,0,0,1
228448.203,1328.2,219.01,2.56,No,Yes,0,1,1
254961.9937,1090.39,798.1,59.36,No,Yes,0,1,1
583770.1028,1794.21,849.84,25.36,Yes,No,1,0,1
572351.0022,1262.21,763.11,24.68,No,Yes,0,1,1
189805.7933,603.88,663.77,49.29,No,Yes,0,1,1
243453.1123,1480.66,641.79,51.98,No,Yes,0,1,1
574331.2741,1194.72,946.89,31.38,No,No,0,0,1
327234.4101,1077.72,161.23,2.3,No,Yes,0,1,1
179351.7761,550.0,217.22,0.4,Yes,No,1,0,1
136659.4539,550.0,15.38,70.51,Yes,No,1,0,1
622140.9135,1343.68,875.41,41.84,No,No,0,0,1
519792.0075,1135.54,357.32,23.57,No,No,0,0,1
192613.5071,550.0,349.55,39.72,No,Yes,0,1,1
503886.0701,1543.04,602.32,56.85,Yes,No,1,0,1
379823.6921,1173.31,449.36,40.64,No,No,0,0,1
204157.2991,550.0,704.21,34.23,No,Yes,0,1,1
191119.5959,1550.84,480.93,41.67,Yes,Yes,1,1,1
118272.4447,595.71,347.03,35.65,No,No,0,0,1
266981.4133,550.0,143.45,18.98,No,No,0,0,1
498000.8251,1275.98,299.18,41.23,No,Yes,0,1,1
474375.6673,550.0,553.98,11.48,Yes,No,1,0,1
273656.1229,1453.22,176.69,50.55,No,No,0,0,1
470067.4985,1755.32,436.33,29.83,No,No,0,0,1
102367.7436,550.0,677.67,40.06,No,Yes,0,1,1
499211.8898,1704.06,820.04,32.74,No,No,0,0,1
356002.4758,2173.85,357.43,9.22,No,Yes,0,1,1
522910.3839,1179.73,467.63,42.83,No,No,0,0,1
162292.7792,833.03,687.81,14.16,Yes,Yes,1,1,1
284968.1098,1836.82,65.31,1.41,Yes,No,1,0,1
274730.4351,947.06,675.68,48.67,No,Yes,0,1,1
219396.4462,550.0,105.57,14.14,No,Yes,0,1,1
260091.1449,1201.61,914.77,37.18,No,Yes,0,1,1
346110.3843,550.0,933.51,49.59,Yes,No,1,0,1
139974.2133,574.97,728.27,14.94,No,No,0,0,1
185140.7666,550.0,354.63,36.38,No,Yes,0,1,1
350600.5119,753.82,432.32,45.17,No,No,0,0,1
289564.8079,879.71,555.21,43.92,Yes,No,1,0,1
251560.2403,1251.3,375.35,40.33,Yes,Yes,1,1,1
357035.4249,1201.84,1209.03,49.9,No,Yes,0,1,1
478614.6645,2229.45,889.08,50.44,No,No,0,0,1
218691.7563,591.51,149.91,19.79,No,No,0,0,1
267725.9216,1140.4,880.79,39.11,Yes,No,1,0,1
406482.6391,1230.45,588.84,69.56,Yes,No,1,0,1
257001.1014,1333.9,978.39,47.77,No,No,0,0,1
255783.5227,611.44,610.95,52.23,No,Yes,0,1,1
377279.207,1372.23,512.42,33.14,No,No,0,0,1
217365.301,665.95,1631.36,37.02,Yes,No,1,0,1
173949.9365,1332.33,712.34,30.33,No,No,0,0,1
450940.4019,845.18,451.68,30.0,No,No,0,0,1
178030.8073,1007.38,654.26,13.5,No,No,0,0,1
746628.1996,1849.91,778.43,11.23,Yes,No,1,0,1
566129.1395,906.3,232.94,25.07,No,No,0,0,1
443389.278,1236.55,305.73,41.27,No,Yes,0,1,1
228166.625,795.85,470.16,44.62,No,No,0,0,1
148678.0634,871.97,585.06,43.3,Yes,No,1,0,1
182149.6268,550.0,387.23,45.88,No,No,0,0,1
257960.063,1645.35,560.93,7.52,No,No,0,0,1
168283.7713,1105.34,368.58,60.08,No,No,0,0,1
322453.786,813.53,870.53,40.22,No,No,0,0,1
384186.1217,1740.6,980.41,15.37,No,No,0,0,1
126288.3214,612.75,361.9,21.8,Yes,No,1,0,1
400168.3896,1027.16,1154.71,49.78,No,No,0,0,1
313587.7653,1629.25,598.66,33.97,No,No,0,0,1
363913.0036,982.41,798.74,12.13,No,No,0,0,1
371438.5382,550.0,262.5,66.56,No,No,0,0,1
361201.223,1159.75,718.75,10.65,Yes,No,1,0,1
169656.4261,1070.43,506.56,31.68,No,No,0,0,1
159265.5551,1070.92,319.64,17.59,No,No,0,0,1
122939.5759,550.0,227.27,42.87,No,No,0,0,1
518253.3659,1085.41,579.87,11.62,No,Yes,0,1,1
272607.5873,1226.32,837.38,64.08,Yes,No,1,0,1
159738.251,550.0,846.59,39.09,No,Yes,0,1,1
197259.9378,1396.24,477.56,19.94,No,No,0,0,1
234473.6827,1475.33,486.98,42.45,No,No,0,0,1
491275.8051,1116.13,911.13,56.28,No,No,0,0,1
241167.3799,759.96,576.92,19.22,No,Yes,0,1,1
213808.0303,550.0,688.12,27.67,No,No,0,0,1
380442.7325,1185.79,739.45,28.16,No,Yes,0,1,1
288566.7654,1403.27,97.43,8.96,Yes,Yes,1,1,1
256411.2358,550.0,46.35,60.39,No,No,0,0,1
197207.6826,762.42,332.07,26.29,No,Yes,0,1,1
196579.568,550.0,424.6,38.5,No,No,0,0,1
488512.0736,1255.41,600.75,11.32,No,No,0,0,1
347978.7027,573.29,343.71,63.91,No,No,0,0,1
135379.6073,550.0,426.75,3.62,No,No,0,0,1
426579.6287,641.69,771.15,8.62,Yes,No,1,0,1
200664.6325,914.69,423.72,56.66,No,Yes,0,1,1
342150.0252,1666.6,601.89,19.93,No,No,0,0,1
354867.3422,1471.77,738.03,27.97,No,No,0,0,1
397345.969,2043.27,715.98,43.17,No,No,0,0,1
222967.9606,683.73,121.3,41.44,Yes,No,1,0,1
327067.025,550.0,310.51,30.53,No,Yes,0,1,1
460665.7046,1647.78,408.61,30.89,No,No,0,0,1
248945.8748,835.7,165.64,9.56,No,No,0,0,1
374446.7031,1345.5,557.4,21.85,No,Yes,0,1,1
367534.6529,1139.21,394.97,43.4,Yes,Yes,1,1,1
360765.3965,1484.71,717.94,31.7,No,No,0,0,1
154037.7848,1196.62,321.42,37.55,Yes,Yes,1,1,1
148845.0637,647.66,367.76,4.44,No,No,0,0,1
313625.2758,1487.78,241.84,19.82,No,No,0,0,1
559482.5761,1095.74,493.76,70.56,Yes,Yes,1,1,1
396881.8974,1535.89,41.47,32.61,No,No,0,0,1
146485.2203,757.44,732.86,35.36,No,No,0,0,1
137586.1798,616.33,705.33,11.24,No,No,0,0,1
248034.4002,1158.16,492.4,2.27,No,No,0,0,1
192947.1811,711.33,60.84,33.17,No,No,0,0,1
232159.3765,725.24,199.71,20.37,No,No,0,0,1
236439.5814,1429.04,73.71,29.92,No,Yes,0,1,1
705950.4528,1280.95,824.24,49.04,Yes,No,1,0,1
184681.2764,666.73,658.54,30.58,No,Yes,0,1,1
131244.7598,926.04,750.91,22.59,No,Yes,0,1,1
185061.8277,1107.73,510.97,14.31,No,No,0,0,1
255647.7753,1662.92,268.64,53.94,Yes,Yes,1,1,1
115180.227,550.0,1036.21,13.65,Yes,No,1,0,1
309291.2277,1249.1,63.7,43.08,No,No,0,0,1
265452.2969,550.0,739.97,80.69,Yes,Yes,1,1,1
524952.7752,1290.48,436.65,10.65,No,No,0,0,1
262278.879,1212.91,726.85,48.2,No,No,0,0,1
214955.9156,1027.76,890.53,35.71,No,No,0,0,1
229550.2489,1310.42,682.27,44.41,No,No,0,0,1
218545.0964,550.0,446.33,4.31,No,No,0,0,1
352120.6362,1368.13,635.82,35.67,No,Yes,0,1,1
144233.9454,550.0,201.87,33.86,Yes,No,1,0,1
409285.3193,882.39,694.16,23.84,Yes,Yes,1,1,1
260559.2202,1576.36,550.96,8.18,No,No,0,0,1
145641.8528,550.0,38.84,34.47,No,No,0,0,1
260667.3151,1366.75,508.03,43.02,No,No,0,0,1
152661.8792,599.43,191.79,42.13,No,No,0,0,1
89280.52796,807.17,302.42,51.91,No,Yes,0,1,1
409661.7901,1427.49,655.98,8.02,Yes,Yes,1,1,1
250347.5042,550.0,275.19,54.0,No,No,0,0,1
314192.7979,608.48,49.89,49.6,Yes,Yes,1,1,1
157945.5228,642.05,346.7,34.79,Yes,No,1,0,1
171418.7756,763.2,121.33,20.11,Yes,No,1,0,1
376670.0437,1317.59,848.9,41.79,No,Yes,0,1,1
111832.2326,550.0,416.82,76.85,Yes,Yes,1,1,1
560479.0962,1596.29,1016.59,36.79,No,No,0,0,1
318960.2502,1001.01,261.73,6.43,No,Yes,0,1,1
752492.1903,1516.79,332.84,6.83,No,No,0,0,1
658491.9519,1528.0,505.83,17.59,No,Yes,0,1,1
360582.6831,1393.96,380.47,2.57,Yes,No,1,0,1
198442.2318,1242.05,515.67,52.13,Yes,No,1,0,1
233290.3505,550.0,947.97,11.06,No,Yes,0,1,1
311410.7473,1152.37,1063.58,65.44,Yes,No,1,0,1
279107.4169,1066.26,839.44,52.4,Yes,Yes,1,1,1
257617.8489,896.2,944.12,49.62,No,No,0,0,1
443320.3326,1450.22,167.31,39.09,Yes,No,1,0,1
319462.0467,550.0,177.28,18.5,Yes,Yes,1,1,1
271855.1818,1568.42,658.36,2.82,No,No,0,0,1
242256.6414,610.36,932.39,9.75,No,No,0,0,1
285629.8997,1391.84,388.21,58.39,No,No,0,0,1
309108.6326,851.0,807.35,72.9,Yes,Yes,1,1,1
156383.6703,550.0,438.7,0.47,No,No,0,0,1
197044.3929,550.0,322.77,29.04,No,No,0,0,1
624102.7058,1160.99,436.24,38.53,Yes,No,1,0,1
194173.556,1327.5,379.51,35.7,No,Yes,0,1,1
487047.1794,1123.12,204.76,22.51,No,No,0,0,1
125451.6749,550.0,220.06,25.25,No,Yes,0,1,1
349328.3292,729.32,808.84,50.3,No,No,0,0,1
254220.8671,712.47,505.03,39.42,Yes,No,1,0,1
394669.1087,1418.84,310.79,29.19,Yes,No,1,0,1
484182.6847,1448.76,420.23,27.39,No,No,0,0,1
429835.6126,1082.47,428.3,3.82,No,No,0,0,1
239748.4523,678.96,359.9,11.45,No,No,0,0,1
301692.7603,1288.75,768.81,17.19,No,No,0,0,1
187676.757,734.27,162.63,59.12,No,Yes,0,1,1
359093.1204,786.27,669.72,17.43,No,No,0,0,1
214739.3865,1094.17,865.94,13.97,No,Yes,0,1,1
418571.6063,1594.84,714.72,51.53,No,No,0,0,1
134686.002,1251.06,400.0,22.31,Yes,No,1,0,1
253414.7142,870.74,250.99,13.34,No,Yes,0,1,1
351656.8786,550.0,788.48,29.26,No,No,0,0,1
371066.234,1264.65,810.31,34.81,No,Yes,0,1,1
360551.2605,1303.24,354.73,44.55,No,No,0,0,1
659535.8009,1486.33,425.2,44.52,Yes,No,1,0,1
147211.5983,550.0,2.0,30.77,No,Yes,0,1,1
453273.4861,808.49,1106.11,2.8,No,No,0,0,1
339157.0087,592.36,537.12,29.77,No,Yes,0,1,1
294669.8888,855.78,259.1,27.56,No,Yes,0,1,1
462143.3224,1648.03,574.84,49.74,No,No,0,0,1
380313.1506,1064.85,125.42,48.73,No,Yes,0,1,1
143482.3805,1024.17,657.27,10.84,No,No,0,0,1
116027.4198,812.28,232.5,39.02,No,Yes,0,1,1
488247.7457,904.71,482.02,8.29,No,Yes,0,1,1
137343.7992,695.01,550.96,36.13,No,Yes,0,1,1
308897.155,1539.94,252.26,38.41,No,No,0,0,1
232974.9339,1615.82,513.8,9.94,No,No,0,0,1
707838.9867,1928.33,46.18,22.49,No,Yes,0,1,1
202859.6837,576.38,935.22,30.12,No,No,0,0,1
216824.1826,550.0,239.71,19.61,Yes,Yes,1,1,1
231368.8227,1765.19,1019.86,41.8,Yes,No,1,0,1
248833.4473,550.0,396.2,39.23,Yes,No,1,0,1
468762.634,1633.13,570.66,22.3,Yes,Yes,1,1,1
326653.7474,1317.76,929.56,48.61,No,No,0,0,1
98837.63349,550.0,622.5,24.53,No,Yes,0,1,1
264098.3392,1356.3,1108.87,12.95,No,Yes,0,1,1
402029.5958,694.21,688.34,27.12,No,Yes,0,1,1
416237.8512,752.37,676.79,21.01,No,Yes,0,1,1
361101.5661,981.06,701.62,26.86,Yes,No,1,0,1
372977.0263,1946.47,451.62,31.92,No,No,0,0,1
172624.5777,593.12,205.52,48.09,No,No,0,0,1
142179.8808,550.0,1021.63,17.49,No,No,0,0,1
417501.9437,1124.01,275.75,4.15,No,No,0,0,1
364695.618,1346.33,217.76,26.23,No,Yes,0,1,1
378924.1605,1237.47,70.59,55.38,No,No,0,0,1
361328.3334,1569.85,559.7,34.59,No,No,0,0,1
243166.5359,709.19,73.71,37.96,No,No,0,0,1
241318.3675,1473.19,283.37,2.04,No,No,0,0,1
214878.8232,796.96,338.71,35.29,No,Yes,0,1,1
142999.6151,550.0,419.54,57.21,No,Yes,0,1,1
653150.7907,1372.58,516.07,2.82,No,No,0,0,1
255996.8651,1535.57,867.01,6.26,Yes,Yes,1,1,1
225891.6674,1261.69,440.8,11.54,No,No,0,0,1
259098.5476,1216.19,669.62,13.78,No,No,0,0,1
431107.0448,723.29,569.25,34.91,No,Yes,0,1,1
189604.2308,550.0,84.42,18.1,Yes,No,1,0,1
762685.9792,1328.23,782.75,20.34,No,No,0,0,1
257395.0336,785.79,329.29,29.53,Yes,Yes,1,1,1
487725.8608,1679.32,407.86,48.44,No,No,0,0,1
129221.7779,1316.02,377.5,30.89,No,Yes,0,1,1
114322.0427,550.5,362.24,7.88,Yes,No,1,0,1
116389.6093,797.1,1071.69,52.6,No,Yes,0,1,1
129359.9835,550.0,694.9,32.07,No,Yes,0,1,1
220347.0714,1008.98,541.78,42.45,No,No,0,0,1
292801.6032,1176.34,916.2,2.57,No,No,0,0,1
215651.3935,879.97,301.8,5.09,No,No,0,0,1
367447.8639,1383.05,554.52,50.06,Yes,No,1,0,1
168709.8999,917.46,89.01,18.46,No,No,0,0,1
237392.0616,993.27,362.75,50.7,Yes,No,1,0,1
397769.4092,550.0,535.11,28.57,No,Yes,0,1,1
115823.421,581.91,244.02,60.92,No,Yes,0,1,1
161135.2004,550.0,510.17,42.66,No,Yes,0,1,1
513316.0016,1677.82,510.87,27.46,No,Yes,0,1,1
273513.7158,1604.33,284.84,5.26,Yes,Yes,1,1,1
134910.6406,682.2,916.07,7.85,No,Yes,0,1,1
365858.4583,1233.94,963.69,40.04,Yes,No,1,0,1
211272.5621,960.83,448.31,45.95,No,No,0,0,1
108928.2486,550.0,302.6,4.04,Yes,No,1,0,1
300214.8036,1538.8,367.31,8.36,No,No,0,0,1
168251.1936,550.0,205.89,22.5,No,Yes,0,1,1
168746.1723,550.0,567.83,47.71,No,Yes,0,1,1
267584.1455,1045.55,1211.93,22.97,No,Yes,0,1,1
149941.6077,731.76,253.21,21.06,No,Yes,0,1,1
102686.4687,709.95,40.08,14.54,No,No,0,0,1
118968.894,629.62,40.7,41.63,Yes,No,1,0,1
283060.7469,1210.5,1246.73,34.55,No,No,0,0,1
387918.9435,550.0,1.3,43.15,No,No,0,0,1
170832.8612,1774.77,544.22,7.13,No,Yes,0,1,1
175313.6982,934.87,710.71,49.84,No,Yes,0,1,1
223043.4874,576.58,844.2,30.3,No,Yes,0,1,1
99267.04837,550.0,242.65,45.42,No,Yes,0,1,1
292748.9219,942.19,406.44,40.42,No,No,0,0,1
268212.9448,550.0,551.36,48.43,No,Yes,0,1,1
220514.6841,1293.6,1025.95,23.57,Yes,Yes,1,1,1
287671.3808,1169.91,608.68,9.1,No,No,0,0,1
313223.53,550.0,329.7,33.45,No,No,0,0,1
523320.7973,1521.72,243.93,54.28,Yes,No,1,0,1
547065.5475,1606.97,554.71,61.24,Yes,Yes,1,1,1
264221.5762,1493.17,277.14,35.35,No,No,0,0,1
377664.7339,1903.55,1077.64,32.96,No,Yes,0,1,1
380038.2127,1617.38,796.9,6.38,No,Yes,0,1,1
121280.246,550.0,115.41,16.39,No,No,0,0,1
144202.7392,554.35,198.32,31.51,No,Yes,0,1,1
259399.4915,1441.96,725.81,16.34,Yes,Yes,1,1,1
675518.3312,638.75,797.27,26.89,No,Yes,0,1,1
372219.1404,1133.59,522.6,38.98,No,Yes,0,1,1
183793.3108,550.0,135.79,36.96,Yes,No,1,0,1
409313.7256,1295.36,482.35,20.82,No,No,0,0,1
443378.8118,1011.04,409.82,21.48,No,No,0,0,1
145596.9618,550.0,776.89,31.33,No,No,0,0,1
302981.5026,1039.85,240.42,7.39,No,Yes,0,1,1
482233.8104,1976.75,545.12,15.31,No,Yes,0,1,1
315406.1737,797.2,650.63,9.84,Yes,No,1,0,1
102571.8795,550.0,112.89,44.62,No,No,0,0,1
373096.9624,1164.5,528.95,23.02,No,Yes,0,1,1
477409.4396,1659.0,329.73,13.69,No,Yes,0,1,1
264441.7319,1336.19,305.2,53.4,No,Yes,0,1,1
105964.3135,550.0,682.67,36.16,Yes,Yes,1,1,1
333958.8451,1770.71,433.66,20.92,No,No,0,0,1
153387.2665,550.0,356.71,17.08,No,No,0,0,1
380018.3714,1125.46,998.37,2.09,Yes,Yes,1,1,1
229955.6612,937.7,471.65,12.76,Yes,No,1,0,1
269827.6245,1661.48,646.2,19.3,No,No,0,0,1
559609.2095,1214.53,1114.58,37.46,No,No,0,0,1
552185.9948,2018.97,565.31,49.35,No,Yes,0,1,1
163088.29,550.0,889.16,24.57,No,No,0,0,1
485993.7025,1016.55,858.46,12.71,No,No,0,0,1
278722.1254,1425.25,591.26,18.81,Yes,No,1,0,1
245986.2987,616.19,76.39,39.64,No,No,0,0,1
300755.5043,1427.72,659.9,11.33,Yes,Yes,1,1,1
335231.6833,1779.61,928.87,39.14,No,Yes,0,1,1
324096.027,823.48,275.48,35.64,Yes,Yes,1,1,1
544311.6782,1659.9,839.69,32.54,No,No,0,0,1
566227.9255,1146.53,493.91,32.84,No,No,0,0,1
206403.4237,871.35,251.26,24.27,No,No,0,0,1
291765.9698,1713.06,490.96,33.38,No,No,0,0,1
371840.909,1554.09,120.13,23.59,No,Yes,0,1,1
207625.2917,880.52,372.65,26.16,No,No,0,0,1
328992.1202,1339.34,508.8,41.49,No,No,0,0,1
227283.5277,898.34,795.01,10.89,No,No,0,0,1
837806.1976,1619.5,362.7,27.31,No,No,0,0,1
281812.0299,1099.92,597.07,38.1,No,No,0,0,1
414459.5702,1998.75,783.16,49.96,No,No,0,0,1
141570.5959,739.52,242.38,40.47,Yes,No,1,0,1
150194.7528,790.88,751.02,18.97,No,No,0,0,1
247780.4737,776.64,574.18,23.16,No,Yes,0,1,1
311117.3515,550.0,1075.76,11.65,No,Yes,0,1,1
288012.2965,693.68,737.8,44.94,Yes,No,1,0,1
286637.342,1592.82,741.86,62.74,No,No,0,0,1
236938.4329,586.15,286.79,29.18,No,No,0,0,1
354322.8696,1771.08,554.14,38.15,No,Yes,0,1,1
242627.3715,740.01,375.97,41.46,No,No,0,0,1
197471.5405,550.0,482.24,38.52,No,Yes,0,1,1
357064.8566,923.29,735.72,23.68,No,No,0,0,1
287895.6731,1217.26,135.46,30.82,No,Yes,0,1,1
379439.6595,1297.12,186.98,46.14,Yes,No,1,0,1
421913.6325,1428.66,238.82,37.31,No,No,0,0,1
116678.9211,577.84,173.64,57.77,No,No,0,0,1
206005.8,1154.18,502.4,24.28,Yes,No,1,0,1
287057.4606,1088.51,543.77,45.8,No,Yes,0,1,1
91917.87657,760.55,512.87,21.91,No,No,0,0,1
128433.5857,786.48,247.96,34.43,Yes,No,1,0,1
530368.3448,1259.6,770.83,42.77,Yes,Yes,1,1,1
225046.1016,1010.31,399.25,35.53,No,No,0,0,1
261380.4163,1376.46,620.53,43.32,No,No,0,0,1
282668.3447,566.8,148.47,21.49,Yes,Yes,1,1,1
336337.8924,651.31,1028.26,47.49,No,No,0,0,1
214548.5399,1405.06,558.62,56.05,Yes,No,1,0,1
228370.9642,1364.11,362.63,55.23,No,Yes,0,1,1
424124.6825,782.21,364.23,26.33,Yes,Yes,1,1,1
151942.4139,550.0,186.83,2.73,Yes,No,1,0,1
133338.4679,672.57,128.28,22.59,No,Yes,0,1,1
284543.7516,1644.05,773.41,38.59,No,No,0,0,1
270014.2551,909.16,707.07,44.32,Yes,No,1,0,1
201087.8037,1003.05,823.62,4.05,Yes,No,1,0,1
668647.8979,1714.27,389.17,21.66,No,No,0,0,1
123699.6303,550.0,419.16,24.11,Yes,Yes,1,1,1
157955.0427,596.69,510.99,31.65,No,No,0,0,1
301226.0367,1007.39,454.78,5.77,No,No,0,0,1
242020.756,984.45,674.07,26.24,Yes,No,1,0,1
305843.0619,740.4,553.4,12.65,No,Yes,0,1,1
299140.8378,1821.84,398.52,26.83,No,Yes,0,1,1
245648.5235,1252.06,210.96,9.86,No,No,0,0,1
292148.551,1103.52,68.24,22.98,Yes,No,1,0,1
251908.1907,1396.49,1043.53,29.86,Yes,Yes,1,1,1
181478.3887,993.55,775.57,1.46,No,No,0,0,1
378609.6357,1179.33,424.35,33.38,Yes,Yes,1,1,1
479518.6635,1644.34,726.65,25.55,Yes,No,1,0,1
238860.0183,1545.84,118.04,49.36,No,No,0,0,1
679963.9132,1736.87,422.22,41.8,No,No,0,0,1
300378.5553,1567.15,359.45,31.82,No,No,0,0,1
313587.0135,1162.96,298.1,4.07,No,No,0,0,1
275140.2195,853.27,313.58,16.78,No,No,0,0,1
306098.6227,850.46,12.78,11.17,Yes,No,1,0,1
419226.7295,1126.88,815.71,13.18,No,No,0,0,1
385895.941,1484.12,575.78,54.78,Yes,No,1,0,1
157001.7057,550.0,488.87,45.5,No,Yes,0,1,1
312782.5083,878.64,550.25,52.47,No,Yes,0,1,1
182677.8882,931.09,710.41,0.12,No,No,0,0,1
469660.4152,1569.34,414.48,28.18,No,No,0,0,1
337103.3805,1544.14,686.88,46.05,No,No,0,0,1
331801.1473,1264.09,383.4,44.75,No,No,0,0,1
435240.8127,939.55,193.94,1.7,No,Yes,0,1,1
278686.3938,1158.98,126.54,23.96,No,Yes,0,1,1
153992.6998,550.0,599.17,19.77,Yes,No,1,0,1
173992.9114,550.0,694.97,49.34,No,Yes,0,1,1
203691.3864,740.51,406.72,25.98,No,Yes,0,1,1
202583.5174,1030.28,530.0,1.22,No,No,0,0,1
571770.6133,1559.54,556.99,41.23,No,No,0,0,1
166443.2347,550.0,594.82,25.54,Yes,No,1,0,1
287733.2059,597.48,727.3,4.55,Yes,No,1,0,1
225900.6467,1653.37,887.74,15.4,No,No,0,0,1
337752.827,1297.31,504.1,9.91,No,No,0,0,1
220535.3979,1111.09,302.8,10.52,No,Yes,0,1,1
89910.43313,591.18,432.3,14.47,No,No,0,0,1
180759.8499,550.0,317.27,3.71,No,Yes,0,1,1
177240.2426,675.85,499.92,42.85,Yes,No,1,0,1
155639.2817,550.0,447.05,34.96,No,Yes,0,1,1
718874.5015,1291.17,156.29,44.5,No,No,0,0,1
225568.9205,586.83,479.31,9.61,No,Yes,0,1,1
107623.8968,550.0,330.72,39.43,No,Yes,0,1,1
138736.0991,1182.5,456.78,35.23,Yes,No,1,0,1
374504.0333,1563.94,762.47,71.45,No,No,0,0,1
244113.9497,1551.51,285.33,45.07,No,No,0,0,1
354911.9709,634.61,286.52,44.41,No,Yes,0,1,1
191733.7849,550.0,111.94,12.29,No,Yes,0,1,1
198609.3865,1025.55,989.38,49.05,No,No,0,0,1
391586.6612,1010.84,643.57,30.64,No,Yes,0,1,1
251783.8961,1332.75,786.04,31.09,No,No,0,0,1
223236.2557,550.0,254.76,16.84,No,Yes,0,1,1
256531.8918,1065.11,950.21,37.43,Yes,No,1,0,1
123962.704,654.74,129.03,32.25,No,Yes,0,1,1
203461.3509,683.26,584.54,37.97,No,No,0,0,1
292366.4056,1469.8,516.4,29.53,No,No,0,0,1
131753.1986,639.73,678.62,24.76,No,Yes,0,1,1
493676.5673,1428.66,329.34,47.37,Yes,No,1,0,1
261391.6292,550.0,680.1,56.39,No,Yes,0,1,1
155586.0947,1472.34,656.13,15.62,No,No,0,0,1
294936.6514,1556.12,424.17,49.12,No,No,0,0,1
225473.7252,915.01,1134.25,48.31,Yes,No,1,0,1
316262.8685,922.13,1374.65,7.88,No,No,0,0,1
173457.2007,550.0,305.14,26.69,No,No,0,0,1
273348.2032,646.13,573.88,9.66,Yes,No,1,0,1
303706.2523,641.56,227.82,39.7,No,No,0,0,1
240955.9111,1158.48,324.2,44.39,No,Yes,0,1,1
152213.1533,749.4,294.14,58.3,No,No,0,0,1
209444.539,1018.85,340.4,27.25,No,No,0,0,1
304127.0367,1838.44,366.11,78.07,Yes,Yes,1,1,1
144701.5746,638.03,795.57,33.65,No,Yes,0,1,1
106382.0395,690.17,595.01,68.87,No,Yes,0,1,1
238872.9863,550.0,18.9,12.95,No,Yes,0,1,1
342611.5057,860.91,548.63,12.15,No,No,0,0,1
115585.1555,550.0,593.84,4.14,No,Yes,0,1,1
418385.4546,1501.57,676.33,14.76,No,No,0,0,1
208962.346,935.67,272.8,26.2,No,No,0,0,1
190929.7288,1401.07,861.91,6.95,No,Yes,0,1,1
280106.8147,1434.14,302.18,38.27,No,No,0,0,1
452288.5216,1906.63,308.92,64.06,Yes,Yes,1,1,1
406167.87,897.39,866.78,67.91,No,Yes,0,1,1
414789.0218,1316.55,901.52,33.98,Yes,Yes,1,1,1
238694.5995,1079.7,593.7,32.65,No,No,0,0,1
268779.6379,819.25,433.41,28.49,Yes,No,1,0,1
543120.4207,1476.09,353.2,35.18,No,Yes,0,1,1
625386.2148,1600.25,589.4,24.56,Yes,No,1,0,1
314209.3173,1521.66,364.8,31.69,No,Yes,0,1,1
765283.641,1831.13,653.65,36.81,No,Yes,0,1,1
154621.59,550.0,335.68,39.89,No,No,0,0,1
127557.7162,835.07,545.52,34.01,No,Yes,0,1,1
300868.3153,1386.17,654.32,34.97,No,Yes,0,1,1
408845.8492,711.62,207.21,32.58,No,No,0,0,1
685483.3011,2206.31,564.76,15.72,Yes,No,1,0,1
290794.3398,550.0,665.99,54.87,No,No,0,0,1
188491.6851,1008.1,764.26,21.14,Yes,No,1,0,1
195802.9462,550.0,626.78,13.12,No,Yes,0,1,1
231570.9801,818.58,58.83,35.31,No,Yes,0,1,1
316909.5352,930.04,340.51,6.47,Yes,No,1,0,1
96972.44843,550.0,365.58,0.61,Yes,Yes,1,1,1
278155.1053,550.0,32.97,31.38,No,Yes,0,1,1
254658.8327,550.0,761.48,14.72,No,No,0,0,1
228863.4452,1412.23,827.51,35.62,No,Yes,0,1,1
278658.9998,1215.45,784.93,13.16,No,No,0,0,1
372049.4141,2336.4,57.32,32.48,Yes,Yes,1,1,1
507981.2627,1579.72,89.37,39.68,No,No,0,0,1
143531.0914,550.0,421.86,19.4,Yes,Yes,1,1,1
389129.4108,1036.98,384.5,30.83,Yes,No,1,0,1
341871.6704,1095.56,555.43,61.97,Yes,Yes,1,1,1
348803.1786,1508.69,581.1,9.35,No,No,0,0,1
194022.0792,692.76,360.81,17.65,No,No,0,0,1
188917.0239,936.93,664.37,50.51,No,Yes,0,1,1
257055.2759,937.88,491.91,17.61,Yes,No,1,0,1
275038.5107,641.65,651.03,23.31,Yes,No,1,0,1
529431.1245,1217.68,407.63,34.18,No,Yes,0,1,1
320519.9801,975.39,398.81,28.83,No,Yes,0,1,1
117803.0106,579.94,218.13,34.63,Yes,Yes,1,1,1
488214.642,2299.19,315.0,36.45,No,No,0,0,1
483438.0362,1158.05,389.98,1.71,No,No,0,0,1
99853.44799,926.68,358.07,12.14,Yes,No,1,0,1
127798.6831,550.0,888.51,17.61,No,No,0,0,1
257070.3771,1050.59,523.89,53.12,Yes,Yes,1,1,1
375958.5058,878.26,492.01,23.87,No,No,0,0,1
156171.1634,550.0,922.59,23.84,No,No,0,0,1
268339.2621,659.38,1021.37,7.48,Yes,No,1,0,1
177035.7517,1078.68,318.63,46.54,No,Yes,0,1,1
312489.6979,985.8,380.07,33.39,Yes,Yes,1,1,1
161529.1313,671.5,481.64,52.18,No,No,0,0,1
378370.4141,1418.33,1128.52,36.31,No,No,0,0,1
286895.6791,774.1,280.19,35.74,No,No,0,0,1
298431.5825,959.9,634.34,17.56,No,Yes,0,1,1
354546.9918,1193.45,14.21,6.1,No,No,0,0,1
387469.6642,1641.08,494.05,3.8,No,No,0,0,1
483718.5452,905.37,844.07,25.67,No,Yes,0,1,1
317104.3559,985.36,873.14,55.3,No,Yes,0,1,1
130804.6513,550.0,786.36,43.56,No,Yes,0,1,1
323022.2186,1068.77,414.37,47.68,No,No,0,0,1
264295.7018,1381.63,341.09,15.09,No,No,0,0,1
332166.2074,907.07,475.13,1.62,No,No,0,0,1
289804.9546,913.84,919.24,6.08,No,Yes,0,1,1
373373.1474,1375.35,259.2,57.93,Yes,No,1,0,1
267549.2592,1211.19,391.27,50.28,Yes,No,1,0,1
269419.3537,799.4,458.46,0.65,No,No,0,0,1
547127.7194,940.83,537.0,28.29,No,No,0,0,1
154724.0955,550.0,448.08,20.53,No,No,0,0,1
419388.5804,550.0,615.87,27.31,No,No,0,0,1
172428.9174,1149.79,301.24,51.26,No,Yes,0,1,1
304463.4501,1772.98,839.43,38.5,No,No,0,0,1
221057.889,550.0,441.69,38.75,No,Yes,0,1,1
209866.2322,1030.2,820.95,40.06,No,No,0,0,1
392213.2671,932.75,256.07,13.92,Yes,Yes,1,1,1
280770.2438,774.44,947.55,66.5,No,No,0,0,1
243173.1802,1620.01,940.72,35.52,No,No,0,0,1
375839.3966,1336.78,7.34,56.27,Yes,No,1,0,1
548095.1998,1189.28,189.52,21.64,No,No,0,0,1
264529.5677,1384.13,423.58,50.77,No,No,0,0,1
622313.4809,1135.3,756.1,41.46,No,No,0,0,1
373332.3341,1199.21,562.34,66.9,Yes,No,1,0,1
320724.4831,636.72,600.31,56.71,No,No,0,0,1
188120.709,1527.26,764.46,76.92,No,No,0,0,1
157667.7423,896.07,221.12,43.53,Yes,Yes,1,1,1
443302.0701,1456.69,830.48,29.04,Yes,No,1,0,1
553902.1136,1915.74,221.86,28.1,Yes,No,1,0,1
134259.7363,550.0,486.54,32.23,No,No,0,0,1
272324.5752,1408.19,559.88,17.19,No,No,0,0,1
313336.8343,550.0,867.97,9.4,No,No,0,0,1
247876.0339,726.52,750.84,30.56,Yes,Yes,1,1,1
148674.4693,1340.98,1008.71,13.05,No,No,0,0,1
528857.2625,1581.99,971.33,12.2,Yes,No,1,0,1
210450.8806,550.0,490.96,42.41,No,No,0,0,1
317819.7604,550.0,424.28,63.65,No,Yes,0,1,1
283593.8331,1485.68,621.68,30.01,No,No,0,0,1
223723.5155,680.49,568.21,24.67,No,Yes,0,1,1
197997.101,890.77,1208.82,13.4,Yes,No,1,0,1
367969.6697,1263.37,1079.94,17.32,No,Yes,0,1,1
127824.311,910.35,384.49,48.77,No,Yes,0,1,1
317634.0889,1136.5,257.18,40.28,No,No,0,0,1
470218.5031,1244.67,932.4,52.85,No,No,0,0,1
168641.6817,666.6,186.59,68.88,No,No,0,0,1
245250.8451,1887.43,272.29,33.59,Yes,Yes,1,1,1
208455.2275,807.07,776.91,63.34,No,Yes,0,1,1
264828.2519,776.78,377.1,41.51,No,No,0,0,1
254573.7199,945.15,91.03,7.76,Yes,No,1,0,1
479562.0248,1006.87,674.5,37.78,No,No,0,0,1
175759.5376,694.38,691.32,4.9,Yes,Yes,1,1,1
493358.2648,1787.89,800.38,21.09,No,No,0,0,1
306825.0784,858.39,395.03,40.71,No,No,0,0,1
158687.2579,550.0,95.2,18.75,No,No,0,0,1
408102.7685,1400.76,535.98,7.13,No,Yes,0,1,1
170322.2309,1045.36,145.96,43.8,No,No,0,0,1
114263.3668,550.0,756.47,28.51,No,No,0,0,1
231333.2593,550.0,830.42,7.29,No,No,0,0,1
154994.5258,685.34,929.85,35.17,No,Yes,0,1,1
96879.55619,550.0,576.47,16.83,No,Yes,0,1,1
876062.3682,2282.45,390.68,47.23,No,No,0,0,1
376348.9809,1103.76,562.92,50.24,Yes,No,1,0,1
134713.424,1573.4,316.47,30.65,No,No,0,0,1
364366.9774,1106.25,12.16,40.24,Yes,Yes,1,1,1
459577.1829,1044.97,672.27,15.47,No,No,0,0,1
114473.6565,788.63,432.95,37.95,No,No,0,0,1
212861.6656,1729.98,958.72,21.64,No,No,0,0,1
317480.6157,1008.86,155.25,18.86,Yes,Yes,1,1,1
320741.123,1116.92,522.11,29.75,No,Yes,0,1,1
638951.9941,1003.91,489.13,22.46,Yes,No,1,0,1
410038.7161,1056.57,567.28,47.38,No,Yes,0,1,1
276857.2141,1302.95,3.34,4.61,Yes,No,1,0,1
372258.5187,1093.65,428.73,50.52,No,No,0,0,1
232685.5868,751.96,810.74,14.93,No,No,0,0,1
560155.638,1463.04,33.64,34.74,Yes,No,1,0,1
121815.294,550.0,842.98,40.93,No,No,0,0,1
99924.2893,884.98,618.22,50.67,No,No,0,0,1
111848.1471,594.91,645.44,38.01,No,No,0,0,1
192649.9063,550.0,138.12,45.04,No,No,0,0,1
237342.1587,1043.84,163.9,9.98,No,Yes,0,1,1
254493.4606,1115.97,443.06,20.35,Yes,No,1,0,1
191694.2262,941.5,530.29,45.58,No,Yes,0,1,1
176480.6397,644.91,157.42,4.74,No,No,0,0,1
321152.9688,1161.42,470.5,30.05,No,No,0,0,1
283758.8869,954.7,452.58,46.55,Yes,No,1,0,1
320569.0269,1124.19,439.41,14.72,Yes,No,1,0,1
448203.1313,1513.03,529.1,28.46,No,Yes,0,1,1
143643.5966,550.0,527.51,15.49,No,Yes,0,1,1
402228.346,981.82,162.99,30.67,No,No,0,0,1
376167.3388,1214.64,280.53,14.21,No,No,0,0,1
432138.2935,1227.8,605.85,36.4,No,No,0,0,1
438422.9176,1123.61,236.57,51.99,No,No,0,0,1
264350.6073,1367.23,430.85,51.66,Yes,Yes,1,1,1
301583.5697,550.0,604.98,13.7,No,Yes,0,1,1
188004.8544,1024.61,1089.41,11.38,No,No,0,0,1
706274.9596,2105.87,25.33,46.44,No,Yes,0,1,1
525491.7565,1807.96,607.57,24.95,No,Yes,0,1,1
436641.5751,1084.07,1219.52,5.06,No,No,0,0,1
271197.4971,609.92,314.15,1.63,No,Yes,0,1,1
235139.5085,971.19,891.88,53.22,No,No,0,0,1
354930.9638,1838.25,1009.36,26.82,No,No,0,0,1
189416.9866,1001.09,170.91,50.77,No,Yes,0,1,1
127143.9214,643.83,156.97,26.91,No,No,0,0,1
148416.2628,1285.27,464.33,6.6,Yes,No,1,0,1
182665.8412,550.0,522.98,39.22,No,Yes,0,1,1
293437.225,550.0,852.7,42.0,No,No,0,0,1
251684.8424,1077.59,427.32,26.13,No,Yes,0,1,1
497007.6325,766.24,80.41,59.51,No,No,0,0,1
355808.5467,1405.73,701.77,13.97,No,No,0,0,1
319753.5556,1090.75,534.13,28.53,No,No,0,0,1
284888.1118,1136.32,379.05,46.79,No,No,0,0,1
267057.6411,781.49,539.35,5.11,No,No,0,0,1
359740.2841,1963.55,733.72,48.31,No,No,0,0,1
255864.0649,1373.91,1342.37,56.55,No,Yes,0,1,1
140619.4594,1140.04,755.41,71.21,No,Yes,0,1,1
165472.5762,962.42,318.97,22.09,Yes,No,1,0,1
349899.8075,1070.66,253.99,19.08,No,No,0,0,1
204927.6177,550.0,214.34,62.61,No,No,0,0,1
288967.6594,550.0,186.01,10.85,No,No,0,0,1
299742.1106,1363.32,935.92,23.48,No,Yes,0,1,1
322160.5006,1561.99,685.8,16.12,Yes,Yes,1,1,1
387216.5626,675.02,218.21,53.63,Yes,No,1,0,1
245663.2987,1082.21,655.73,76.49,No,No,0,0,1
100313.3241,653.9,154.81,40.31,No,No,0,0,1
201806.9634,550.0,421.2,9.06,No,No,0,0,1
259240.2072,1639.69,432.74,37.29,No,No,0,0,1
266242.4441,550.0,402.0,30.64,No,No,0,0,1
448315.3875,1325.96,876.35,13.03,No,No,0,0,1
136165.008,550.0,398.21,18.23,No,No,0,0,1
374053.7945,1098.27,1168.45,2.53,No,No,0,0,1
554080.7887,1594.37,677.17,8.96,No,Yes,0,1,1
338734.8157,1152.94,188.76,15.84,No,No,0,0,1
151152.5158,550.0,453.89,30.11,No,No,0,0,1
237834.0921,550.0,782.82,43.09,No,Yes,0,1,1
365937.7664,1286.44,78.37,0.97,No,Yes,0,1,1
115439.3901,550.0,450.64,37.57,No,No,0,0,1
182803.6484,550.0,437.87,46.24,No,No,0,0,1
552095.1351,1446.72,96.14,27.24,No,No,0,0,1
509360.4471,1657.28,186.92,47.8,No,No,0,0,1
316637.9282,1311.71,76.43,41.24,No,No,0,0,1
153736.6301,550.0,635.25,42.7,Yes,No,1,0,1
529606.7556,550.0,641.35,29.26,No,Yes,0,1,1
605439.5907,744.84,393.49,41.18,No,Yes,0,1,1
269777.4651,550.0,1040.32,45.06,Yes,Yes,1,1,1
177184.5331,900.88,603.9,38.38,No,No,0,0,1
326155.2744,1477.74,110.94,52.85,No,Yes,0,1,1
183150.1299,571.26,800.59,27.25,No,No,0,0,1
204589.0233,743.12,60.21,33.49,No,No,0,0,1
486979.2979,1510.55,145.97,40.03,No,Yes,0,1,1
256469.5086,1116.97,327.03,23.06,No,No,0,0,1
229853.3099,550.0,376.66,10.75,Yes,No,1,0,1
288844.2969,1210.53,637.78,93.99,Yes,No,1,0,1
551832.3252,1089.99,502.54,33.99,No,Yes,0,1,1
171317.9705,550.0,652.12,17.89,Yes,No,1,0,1
264419.6829,707.65,283.43,37.73,No,No,0,0,1
153457.8801,695.32,643.56,13.54,Yes,No,1,0,1
365678.5358,770.63,646.07,29.63,No,Yes,0,1,1
657864.6024,1262.26,393.63,22.68,Yes,No,1,0,1
527658.2448,1312.86,617.99,53.96,No,No,0,0,1
131050.8324,550.0,754.57,12.47,Yes,Yes,1,1,1
237871.3158,1553.08,90.12,18.7,No,No,0,0,1
272035.8033,1380.6,339.5,45.66,Yes,No,1,0,1
174931.3019,977.85,1071.73,39.1,Yes,Yes,1,1,1
163712.9443,550.0,414.41,20.05,No,No,0,0,1
221072.3475,1334.19,630.78,17.99,No,Yes,0,1,1
98659.48993,736.17,962.13,28.98,Yes,No,1,0,1
120515.0697,928.34,560.91,51.95,No,Yes,0,1,1
324596.3112,597.29,146.63,35.37,No,No,0,0,1
697476.7486,1532.66,745.06,27.68,No,No,0,0,1
231303.0824,595.56,284.68,35.32,No,No,0,0,1
204763.8543,604.56,193.57,65.68,No,No,0,0,1
204414.5727,862.32,224.59,0.17,No,Yes,0,1,1
114167.367,816.02,454.62,36.51,Yes,Yes,1,1,1
504948.6069,1725.96,247.68,74.01,No,Yes,0,1,1
212222.81,862.03,194.27,1.26,No,No,0,0,1
165044.0344,1220.33,470.58,3.27,No,No,0,0,1
197659.791,550.0,545.0,37.37,Yes,No,1,0,1
404050.905,1320.61,483.65,34.88,No,Yes,0,1,1
256587.6562,550.0,283.41,49.39,No,Yes,0,1,1
517953.9197,1476.34,229.58,8.67,Yes,No,1,0,1
257144.2688,851.23,496.61,54.61,No,No,0,0,1
255620.1138,1017.24,640.04,22.42,Yes,No,1,0,1
660109.3536,1526.53,1276.59,13.63,Yes,No,1,0,1
191532.491,1159.89,868.14,23.36,No,Yes,0,1,1
532866.3387,930.27,662.21,24.97,No,No,0,0,1
246476.0065,1526.32,260.44,33.18,No,No,0,0,1
601712.3569,1359.74,515.75,22.8,Yes,Yes,1,1,1
102478.8996,550.0,885.44,20.75,No,Yes,0,1,1
235222.632,1161.41,585.72,71.65,No,Yes,0,1,1
180323.8538,739.21,944.13,53.19,No,No,0,0,1
124802.108,550.0,557.55,46.88,No,Yes,0,1,1
362651.1463,1407.32,468.12,61.82,No,No,0,0,1
359000.7922,1658.33,176.79,48.87,Yes,Yes,1,1,1
367459.4312,582.18,462.19,22.1,No,No,0,0,1
261716.701,550.0,1036.89,50.91,No,No,0,0,1
616482.7778,1999.62,793.89,7.78,No,No,0,0,1
403663.3192,891.51,198.59,1.57,No,No,0,0,1
197945.8787,550.0,86.53,4.72,No,Yes,0,1,1
244475.5565,550.0,616.53,33.6,No,No,0,0,1
306055.4089,754.45,560.88,19.12,No,No,0,0,1
149578.8484,883.95,206.97,59.13,Yes,Yes,1,1,1
259723.8412,550.0,883.35,60.5,No,No,0,0,1
173010.9685,811.29,787.23,32.92,No,No,0,0,1
376148.7559,1575.99,105.49,8.19,No,Yes,0,1,1
182179.1184,1244.05,474.75,23.75,Yes,Yes,1,1,1
101913.16,550.0,30.12,43.77,No,Yes,0,1,1
377464.8036,1964.38,729.91,43.64,No,No,0,0,1
103809.7946,628.95,319.79,44.59,No,No,0,0,1
402358.3158,897.55,579.57,41.05,No,No,0,0,1
98839.17831,878.12,204.15,62.45,No,Yes,0,1,1
336680.2021,1352.5,379.43,27.5,Yes,No,1,0,1
209259.0513,762.24,294.87,23.64,Yes,No,1,0,1
322956.9633,1176.95,139.33,34.12,No,Yes,0,1,1
494547.4668,1344.58,498.07,74.67,No,No,0,0,1
540583.1263,864.47,395.39,23.07,No,No,0,0,1
299025.9899,550.0,359.12,22.54,No,Yes,0,1,1
558102.6445,1620.23,538.85,27.93,No,No,0,0,1
163579.3966,561.54,573.31,56.63,No,No,0,0,1
248472.5921,902.42,59.04,28.28,No,No,0,0,1
214948.975,550.0,472.17,2.96,No,No,0,0,1
429178.0547,935.84,480.78,14.04,No,No,0,0,1
246305.3703,550.0,874.96,43.64,No,No,0,0,1
539724.7337,1285.87,510.23,38.81,Yes,No,1,0,1
288971.0843,550.0,66.33,17.37,No,Yes,0,1,1
191146.8081,764.78,243.89,55.28,No,Yes,0,1,1
347849.6113,550.0,710.71,54.04,No,No,0,0,1
400585.8474,1236.22,343.81,35.03,No,No,0,0,1
165098.0202,1577.81,618.09,1.42,No,No,0,0,1
429941.2795,802.63,973.78,34.81,No,No,0,0,1
351121.5052,818.83,845.29,44.12,No,Yes,0,1,1
138631.8265,550.0,523.87,39.89,No,Yes,0,1,1
417295.1059,1597.38,376.09,24.5,Yes,No,1,0,1
372908.5072,1255.55,806.02,32.51,No,No,0,0,1
285174.082,843.91,782.47,34.3,Yes,Yes,1,1,1
171185.4905,550.0,573.66,47.17,Yes,No,1,0,1
445004.1482,1663.86,648.92,60.44,No,Yes,0,1,1
290146.0416,550.0,723.09,24.33,No,No,0,0,1
179611.3894,706.05,710.45,95.65,Yes,No,1,0,1
252608.5174,891.53,452.0,41.16,No,No,0,0,1
215193.788,796.53,591.0,59.31,No,No,0,0,1
226005.4513,1472.7,254.82,69.62,No,No,0,0,1
215794.7062,550.0,286.37,52.6,No,No,0,0,1
315305.8611,1298.5,307.21,22.51,Yes,No,1,0,1
114373.1507,673.84,349.34,22.54,No,No,0,0,1
420101.7661,980.67,301.67,0.73,No,Yes,0,1,1
317470.2329,1485.13,489.19,56.6,No,No,0,0,1
168627.5022,550.0,392.24,29.4,No,No,0,0,1
178338.1723,1382.35,611.37,59.53,No,No,0,0,1
511443.7364,1416.23,461.51,34.96,No,No,0,0,1
312812.2156,550.0,517.5,7.45,No,Yes,0,1,1
194319.3127,1059.87,839.43,16.47,No,Yes,0,1,1
863863.8828,1564.82,589.2,40.21,Yes,No,1,0,1
753468.7968,2122.29,509.52,24.01,No,No,0,0,1
94483.75069,550.0,307.65,7.86,No,Yes,0,1,1
432760.687,1392.66,1007.89,6.67,No,No,0,0,1
410758.1669,1573.25,309.03,6.2,No,No,0,0,1
353589.8626,808.5,130.41,30.98,Yes,No,1,0,1
98094.58782,550.0,42.76,25.54,No,Yes,0,1,1
268997.6092,769.22,253.26,16.83,No,Yes,0,1,1
241794.3257,1115.74,363.84,26.52,No,No,0,0,1
614439.273,1792.24,509.35,23.96,No,Yes,0,1,1
267223.3677,1648.24,109.9,6.9,Yes,Yes,1,1,1
407908.1051,1646.74,359.69,61.03,Yes,No,1,0,1
139012.3328,676.08,712.62,16.66,No,No,0,0,1
583243.3208,1219.04,558.18,22.81,No,No,0,0,1
247865.2916,550.0,542.42,20.15,No,No,0,0,1
176736.1332,676.7,794.02,28.51,No,Yes,0,1,1
179443.4472,1418.88,257.58,39.49,No,No,0,0,1
680561.3817,1837.05,449.08,24.54,Yes,No,1,0,1
285544.6458,1463.95,464.89,42.67,No,No,0,0,1
330746.0957,1681.2,265.16,30.33,No,Yes,0,1,1
344017.9281,1287.98,519.49,27.01,No,No,0,0,1
244951.2147,652.27,631.93,30.51,No,No,0,0,1
250913.9224,1628.7,1050.53,22.52,No,No,0,0,1
270841.8469,550.0,193.2,49.17,No,No,0,0,1
360685.9972,1196.63,609.7,31.65,Yes,No,1,0,1
199959.6664,839.67,322.07,33.99,No,Yes,0,1,1
284069.3386,927.64,339.42,39.61,No,No,0,0,1
332259.4237,656.16,643.36,36.9,No,No,0,0,1
231129.7199,936.56,268.22,30.81,No,No,0,0,1
283015.6816,1406.82,409.31,22.98,No,No,0,0,1
288071.6792,853.67,493.31,30.62,No,Yes,0,1,1
705360.8368,1781.54,804.56,48.4,No,Yes,0,1,1
239369.4839,695.98,885.73,18.15,No,No,0,0,1
303353.3029,1803.96,1359.9,30.68,Yes,Yes,1,1,1
403545.9514,651.47,514.8,71.64,No,No,0,0,1
413664.9046,1376.55,338.93,56.19,Yes,Yes,1,1,1
207425.5683,759.11,505.49,20.29,No,No,0,0,1
105922.2442,550.0,576.18,50.25,No,No,0,0,1
713417.5022,1028.15,785.22,2.21,No,Yes,0,1,1
474321.3116,1084.92,311.11,13.5,No,Yes,0,1,1
384455.619,784.31,1012.43,37.14,No,Yes,0,1,1
310063.45,864.89,161.5,52.18,No,No,0,0,1
503936.996,1783.22,383.22,4.02,Yes,Yes,1,1,1
332363.7699,1472.5,738.15,36.89,No,No,0,0,1
410850.8706,1999.12,460.22,65.74,No,No,0,0,1
332765.5843,2241.44,923.45,32.68,No,Yes,0,1,1
172043.805,859.61,541.62,16.86,No,No,0,0,1
163835.2208,669.63,79.51,24.6,No,No,0,0,1
410941.3399,1273.23,351.19,23.78,No,No,0,0,1
427661.1892,1372.34,659.51,6.97,No,No,0,0,1
480474.4537,1320.57,916.17,28.32,No,No,0,0,1
261593.4921,550.0,196.21,30.02,No,Yes,0,1,1
221955.555,550.0,210.65,53.64,No,No,0,0,1
691793.7395,1384.52,718.69,59.12,No,No,0,0,1
205145.6821,759.0,175.26,17.94,No,Yes,0,1,1
645969.9208,1376.84,527.95,50.51,No,Yes,0,1,1
406852.8596,833.57,545.42,19.33,Yes,Yes,1,1,1
360643.2227,550.0,130.93,21.83,No,No,0,0,1
242803.9532,709.22,488.94,47.73,No,No,0,0,1
444712.8941,1346.98,132.56,9.14,No,Yes,0,1,1
202639.4567,970.71,439.83,69.87,No,No,0,0,1
499032.2694,550.0,397.37,29.46,Yes,Yes,1,1,1
255145.0835,967.51,204.59,22.47,No,No,0,0,1
472464.2443,1257.46,947.12,47.68,No,No,0,0,1
262443.4691,1246.79,691.6,11.05,Yes,Yes,1,1,1
464444.5259,1352.28,437.29,38.59,No,No,0,0,1
329468.1081,1408.7,1053.13,42.0,No,No,0,0,1
217815.5226,1068.13,588.7,33.42,No,No,0,0,1
157110.9364,636.04,150.3,20.56,Yes,No,1,0,1
374382.3752,1059.86,702.92,23.53,Yes,Yes,1,1,1
385007.861,1746.58,857.46,26.04,No,No,0,0,1
456955.7679,838.39,347.59,20.33,No,Yes,0,1,1
667022.0286,847.43,424.46,53.6,No,Yes,0,1,1
378654.5405,1361.24,822.86,32.17,No,Yes,0,1,1
705372.4253,1614.62,450.9,44.33,No,No,0,0,1
353743.8786,550.0,473.01,15.86,No,No,0,0,1
240893.2553,845.65,534.13,12.44,No,No,0,0,1
248189.6232,989.32,525.88,21.41,No,No,0,0,1
136933.4009,758.38,265.87,29.55,No,No,0,0,1
317260.1668,1092.14,344.8,25.94,No,No,0,0,1
626772.5555,1790.43,205.98,58.46,No,Yes,0,1,1
165611.8879,587.12,786.47,24.81,No,No,0,0,1
201150.2466,550.0,705.9,44.28,Yes,No,1,0,1
246222.2364,911.59,289.95,15.46,No,No,0,0,1
239449.537,1293.03,1045.77,48.02,No,Yes,0,1,1
281200.9996,1165.91,421.65,2.2,No,Yes,0,1,1
317035.3403,2166.82,621.29,12.85,No,Yes,0,1,1
131658.3237,680.92,551.7,9.63,Yes,No,1,0,1
129245.4714,1157.16,344.06,38.0,No,No,0,0,1
262641.6608,716.33,305.78,42.94,Yes,No,1,0,1
524566.7559,1491.39,554.25,15.06,No,Yes,0,1,1
392856.3145,1996.98,852.19,23.03,No,Yes,0,1,1
633745.5071,1992.7,761.17,40.6,No,No,0,0,1
110960.1235,555.0,740.36,33.9,No,No,0,0,1
288038.3703,1196.5,181.86,34.28,No,Yes,0,1,1
525873.6076,1496.96,729.14,6.88,No,No,0,0,1
134058.0544,550.0,902.64,18.54,No,Yes,0,1,1
333490.8425,1032.92,1004.53,1.1,No,No,0,0,1
210121.9913,756.78,1119.42,60.31,No,Yes,0,1,1
142270.8916,566.9,871.89,80.58,No,Yes,0,1,1
100929.1341,550.0,187.32,39.29,No,Yes,0,1,1
139805.9189,550.0,579.7,17.15,No,No,0,0,1
326625.5843,974.67,396.72,37.66,No,No,0,0,1
518558.1266,1209.52,854.46,78.1,Yes,No,1,0,1
256817.128,1493.56,587.84,64.1,Yes,No,1,0,1
344194.0908,1682.77,652.84,21.68,Yes,No,1,0,1
699531.7831,1547.53,455.17,24.62,No,No,0,0,1
286553.1414,550.0,679.11,9.27,No,No,0,0,1
247195.713,1126.79,357.44,74.35,No,No,0,0,1
400961.5153,1140.21,964.32,11.2,No,No,0,0,1
119596.1584,550.0,517.45,40.17,No,No,0,0,1
494888.9838,1420.14,715.21,19.59,Yes,Yes,1,1,1
196806.3385,634.46,794.6,6.34,No,Yes,0,1,1
335134.4955,667.46,631.97,28.73,No,Yes,0,1,1
347973.3019,1076.54,835.25,36.0,No,No,0,0,1
299416.7236,807.07,445.1,0.3,No,No,0,0,1
390192.2257,1080.31,464.72,27.55,Yes,No,1,0,1
361719.9913,814.22,956.76,4.04,Yes,No,1,0,1
135864.9437,550.0,1220.59,6.72,No,Yes,0,1,1
192587.2338,632.83,470.06,8.66,No,Yes,0,1,1
327285.1714,858.13,574.61,13.72,No,Yes,0,1,1
198085.8702,550.0,528.74,20.07,No,Yes,0,1,1
143760.0597,751.34,855.09,26.32,No,No,0,0,1
239657.1267,550.0,550.62,58.75,No,No,0,0,1
236776.6567,640.47,828.6,8.79,No,No,0,0,1
703875.7556,1572.82,447.27,45.01,No,No,0,0,1
920902.0168,1754.56,451.19,19.77,No,No,0,0,1
474283.5348,1613.99,655.87,18.35,No,Yes,0,1,1
252873.0692,1435.02,820.63,49.85,No,Yes,0,1,1
573344.3516,1671.42,849.25,50.25,No,No,0,0,1
521908.9706,1795.97,678.31,38.08,No,Yes,0,1,1
271793.6411,1377.31,505.29,3.31,No,Yes,0,1,1
504855.9148,1705.16,322.12,35.25,No,Yes,0,1,1
437480.4485,990.25,974.18,22.18,Yes,No,1,0,1
332036.4027,853.04,203.06,31.06,No,Yes,0,1,1
276257.7839,1179.53,242.2,30.89,No,No,0,0,1
316027.3456,905.48,435.61,26.15,No,No,0,0,1
182556.2508,679.78,253.64,15.43,No,Yes,0,1,1
565300.7513,1831.94,523.42,45.6,No,Yes,0,1,1
166378.0222,550.0,878.24,44.74,No,No,0,0,1
210429.3823,1113.68,911.15,7.55,Yes,No,1,0,1
563818.5624,829.1,846.18,17.1,Yes,No,1,0,1
373278.9981,934.05,243.86,11.23,Yes,No,1,0,1
251234.4296,954.82,588.5,40.48,Yes,No,1,0,1
239650.1284,687.13,439.45,5.77,No,Yes,0,1,1
179602.2797,852.56,163.08,26.6,No,No,0,0,1
270876.7096,550.0,9.16,54.6,No,Yes,0,1,1
182354.8625,550.0,637.95,32.73,Yes,No,1,0,1
246420.5807,932.72,605.21,33.19,No,Yes,0,1,1
96440.51245,1228.04,356.58,55.3,No,Yes,0,1,1
193155.3973,1224.95,847.58,2.17,Yes,No,1,0,1
221443.7773,997.54,289.46,11.11,Yes,No,1,0,1
170448.1784,1067.85,429.77,19.06,No,No,0,0,1
338296.8778,1864.9,468.03,28.07,Yes,No,1,0,1
111116.4823,553.43,200.64,18.88,No,No,0,0,1
310394.6298,633.49,27.15,25.92,No,Yes,0,1,1
274839.1916,1334.34,505.94,25.1,Yes,Yes,1,1,1
249963.3173,870.2,287.22,37.28,No,No,0,0,1
144716.443,550.0,189.21,40.61,No,Yes,0,1,1
444298.2849,1247.06,263.38,17.85,No,No,0,0,1
278877.4063,550.0,323.63,15.24,No,Yes,0,1,1
332640.5204,981.69,519.5,27.1,No,No,0,0,1
445395.1191,1146.96,263.16,34.1,No,Yes,0,1,1
267076.1749,550.0,847.47,11.16,Yes,No,1,0,1
174828.6599,681.75,671.24,41.98,No,No,0,0,1
249085.6337,550.0,125.4,31.75,No,Yes,0,1,1
445814.9881,1688.52,626.23,23.41,No,No,0,0,1
312287.0828,1479.17,756.72,4.23,No,No,0,0,1
150632.6472,785.91,1477.52,25.7,No,Yes,0,1,1
341991.3617,1281.83,729.94,45.98,Yes,No,1,0,1
396163.9063,761.54,232.87,52.71,No,No,0,0,1
481834.7107,1877.38,179.95,32.44,No,Yes,0,1,1
320741.1933,550.0,330.87,26.96,No,Yes,0,1,1
92650.1848,587.65,802.66,5.36,No,Yes,0,1,1
367913.2083,1553.97,367.84,28.59,Yes,No,1,0,1
297585.6719,1451.47,665.48,28.07,No,Yes,0,1,1
189580.6762,711.33,571.29,66.96,Yes,Yes,1,1,1
309066.6847,1024.25,423.29,27.95,Yes,No,1,0,1
235370.7429,1662.26,397.11,39.39,No,No,0,0,1
637302.6847,1216.55,94.0,31.08,No,No,0,0,1
334305.8683,998.35,633.07,6.78,No,No,0,0,1
599447.9391,1280.65,810.79,59.78,No,No,0,0,1
309724.8098,1432.99,292.24,3.2,No,No,0,0,1
468984.6839,1492.0,610.47,17.85,No,No,0,0,1
242000.4016,1420.82,1096.99,34.86,No,No,0,0,1
245653.9598,599.1,40.54,44.24,No,No,0,0,1
310531.4984,990.0,804.71,50.74,No,Yes,0,1,1
210127.892,1388.91,440.11,24.65,No,No,0,0,1
275313.1724,1590.06,422.69,19.03,Yes,Yes,1,1,1
219875.8803,574.93,487.75,37.67,No,Yes,0,1,1
379621.3228,788.8,327.3,62.7,No,No,0,0,1
469711.9726,727.21,909.97,55.57,No,No,0,0,1
197143.7222,568.77,58.05,75.0,No,No,0,0,1
104344.7093,550.0,361.76,27.61,No,Yes,0,1,1
114500.6397,550.0,650.06,63.47,No,Yes,0,1,1
434616.1834,902.17,470.33,34.68,No,No,0,0,1
262534.9921,935.67,250.57,45.26,No,No,0,0,1
106055.4741,1325.44,103.62,38.13,Yes,Yes,1,1,1
451640.8314,1616.97,418.23,19.05,No,No,0,0,1
547121.0113,550.0,862.8,28.86,No,No,0,0,1
113076.6212,550.0,111.19,17.01,No,Yes,0,1,1
279721.3529,1601.24,763.98,45.98,No,Yes,0,1,1
459714.8161,1260.53,594.33,28.69,No,No,0,0,1
293640.4683,1220.52,985.27,31.06,No,No,0,0,1
224959.1089,793.64,183.3,2.97,No,Yes,0,1,1
323008.4069,1591.28,385.6,4.39,Yes,Yes,1,1,1
131632.7524,1138.83,790.1,27.72,No,Yes,0,1,1
511810.7553,1024.76,362.38,48.71,No,No,0,0,1
367298.9169,886.35,383.8,17.62,No,No,0,0,1
541277.4834,1042.39,644.06,20.25,No,No,0,0,1
530535.336,1517.93,446.08,25.24,No,No,0,0,1
323162.2459,1393.1,461.68,20.57,Yes,Yes,1,1,1
194267.5167,550.0,393.39,15.7,No,Yes,0,1,1
109516.2163,620.11,192.09,24.03,No,No,0,0,1
259348.0402,557.42,471.9,12.1,No,No,0,0,1
253572.0031,1247.24,508.51,60.16,Yes,Yes,1,1,1
296158.0813,956.69,765.44,25.42,No,No,0,0,1
329136.4279,999.38,502.84,0.89,No,No,0,0,1
237219.5632,1941.73,243.56,23.16,No,No,0,0,1
199128.6832,1231.15,376.56,9.22,No,Yes,0,1,1
152559.657,550.0,673.05,67.54,No,Yes,0,1,1
311145.2758,1083.25,134.26,17.57,No,Yes,0,1,1
399274.9224,1144.51,244.81,40.05,No,Yes,0,1,1
100868.9766,550.0,1101.84,8.17,No,No,0,0,1
349919.6373,1545.95,573.53,35.09,Yes,No,1,0,1
259519.9201,1765.71,67.89,9.51,No,No,0,0,1
248450.0784,1008.55,1086.36,28.31,Yes,No,1,0,1
216437.7761,1010.25,587.34,0.27,No,Yes,0,1,1
450706.0897,1035.3,501.63,49.55,No,No,0,0,1
348826.7801,1254.64,483.97,10.07,No,Yes,0,1,1
285727.0871,795.54,446.84,27.53,No,No,0,0,1
142731.7022,550.0,354.48,23.42,No,No,0,0,1
417529.2981,1382.19,1072.57,28.28,No,No,0,0,1
124287.4584,774.63,1114.67,49.1,Yes,No,1,0,1
147064.2281,724.17,65.14,31.06,No,No,0,0,1
199596.2137,838.6,382.42,25.2,No,No,0,0,1
426977.423,1174.4,1033.01,30.65,No,No,0,0,1
616869.4342,1541.12,342.48,34.69,No,No,0,0,1
365728.1034,1212.0,152.59,63.58,No,No,0,0,1
210604.1775,550.0,529.33,33.16,No,No,0,0,1
370017.5252,1527.93,547.11,35.09,No,Yes,0,1,1
276203.1453,550.0,335.9,43.48,No,No,0,0,1
493506.0766,2363.12,964.39,11.74,No,Yes,0,1,1
185795.1425,1507.02,976.97,37.08,Yes,No,1,0,1
201344.7585,960.93,324.38,39.09,No,No,0,0,1
421053.4107,1054.61,438.46,43.44,Yes,No,1,0,1
441010.8579,1509.24,2.7,31.43,No,Yes,0,1,1
542237.5536,1224.89,363.34,22.74,No,No,0,0,1
186449.6369,1443.74,643.82,5.5,No,No,0,0,1
168620.4161,550.0,417.8,36.77,No,Yes,0,1,1
159697.2896,550.0,811.06,46.9,No,No,0,0,1
96581.15482,1171.46,656.11,23.59,No,No,0,0,1
195739.1771,550.0,814.85,47.49,No,No,0,0,1
261467.4176,1063.25,506.73,52.55,No,No,0,0,1
588288.5704,1097.15,295.28,29.97,Yes,Yes,1,1,1
142777.9562,882.69,404.84,52.67,No,No,0,0,1
151626.2655,1002.61,245.08,15.47,Yes,No,1,0,1
204444.2675,550.0,710.52,43.63,No,No,0,0,1
120950.5722,550.0,684.24,8.52,No,No,0,0,1
290680.7164,1333.37,521.58,61.39,No,No,0,0,1
297187.7938,1178.14,408.17,64.52,Yes,No,1,0,1
874387.1896,1663.43,939.55,38.33,Yes,No,1,0,1
171882.397,550.0,221.67,50.54,No,No,0,0,1
302507.2463,1417.36,391.11,30.53,No,Yes,0,1,1
145540.6955,859.02,471.27,41.98,No,Yes,0,1,1
440441.4913,955.82,602.47,60.62,No,No,0,0,1
357397.9156,1167.16,765.47,13.18,No,No,0,0,1
198410.1318,635.65,890.22,47.46,No,Yes,0,1,1
119279.6245,550.0,466.3,45.99,No,No,0,0,1
438969.2377,758.96,241.79,11.55,No,Yes,0,1,1
363773.783,985.05,724.3,59.09,No,Yes,0,1,1
155597.2831,864.41,281.15,94.46,No,Yes,0,1,1
369780.1596,1406.33,58.68,13.03,No,No,0,0,1
374775.5437,1087.62,715.63,21.8,No,No,0,0,1
94313.99041,573.32,447.77,18.2,No,No,0,0,1
200578.5387,1252.72,129.72,32.21,No,No,0,0,1
541159.5156,550.0,116.38,18.99,No,Yes,0,1,1
545431.7818,1523.24,25.07,26.5,Yes,No,1,0,1
571349.124,553.7,665.91,1.15,Yes,No,1,0,1
435482.2208,1479.39,538.78,3.77,No,No,0,0,1
306977.1266,835.35,482.54,24.87,No,Yes,0,1,1
450049.6827,1929.23,564.42,51.54,No,Yes,0,1,1
502542.4192,1312.76,814.86,5.97,No,No,0,0,1
489551.5899,1980.79,880.1,20.51,Yes,Yes,1,1,1
106891.317,937.62,860.75,41.36,No,Yes,0,1,1
750242.8919,2119.1,1084.11,48.07,No,No,0,0,1
601020.8428,840.32,263.42,0.66,No,No,0,0,1
329824.8013,1114.74,392.83,22.19,No,No,0,0,1
454143.3559,1686.26,631.84,24.09,Yes,No,1,0,1
301303.5642,787.47,616.03,4.72,Yes,Yes,1,1,1
748786.0898,1134.63,658.33,8.53,No,No,0,0,1
293910.6065,1327.75,756.55,25.23,No,No,0,0,1
538065.9273,1009.7,770.03,32.11,Yes,No,1,0,1
288481.2046,976.42,272.46,18.71,Yes,No,1,0,1
505852.6148,1256.39,433.47,32.48,No,No,0,0,1
562524.6544,2273.01,655.18,7.47,No,No,0,0,1
315163.4511,550.0,357.44,3.34,No,Yes,0,1,1
271635.8595,823.98,1300.08,28.98,No,No,0,0,1
297276.8036,911.67,76.77,43.04,No,Yes,0,1,1
363405.0405,1274.67,405.73,20.36,No,No,0,0,1
106891.5287,811.98,322.37,57.14,Yes,No,1,0,1
669952.9768,1231.79,450.69,15.71,Yes,Yes,1,1,1
378806.9221,550.0,871.99,46.46,Yes,Yes,1,1,1
318042.4425,842.69,21.99,32.36,No,No,0,0,1
323380.2074,859.83,708.09,21.88,No,No,0,0,1
167279.1021,1152.7,725.39,49.57,No,Yes,0,1,1
246561.5892,992.99,1006.05,20.24,No,No,0,0,1
394620.5868,550.0,317.82,62.92,No,Yes,0,1,1
202869.0385,550.0,357.1,8.42,Yes,No,1,0,1
293775.3439,1128.8,319.12,25.33,No,No,0,0,1
411081.4324,804.0,85.31,2.7,No,Yes,0,1,1
619336.2494,1161.33,431.2,25.92,No,No,0,0,1
162064.0187,550.0,339.39,25.9,Yes,Yes,1,1,1
317119.174,1058.03,372.22,37.01,No,No,0,0,1
108071.4045,1001.2,463.06,5.63,Yes,Yes,1,1,1
256568.1022,1139.35,237.25,69.01,No,No,0,0,1
152006.1057,550.0,542.59,52.78,No,Yes,0,1,1
234979.2686,1581.77,847.84,22.96,Yes,No,1,0,1
258261.7063,1266.2,504.35,7.87,No,No,0,0,1
160956.7799,550.0,453.68,64.03,Yes,No,1,0,1
361156.3934,1382.24,42.32,25.82,No,No,0,0,1
223068.5627,1686.0,674.65,27.07,No,No,0,0,1
254143.551,1040.24,518.55,37.57,Yes,Yes,1,1,1
370472.503,863.05,645.3,60.88,No,No,0,0,1
502926.1317,1236.81,345.24,21.12,No,No,0,0,1
224911.6551,1073.17,798.23,40.22,No,No,0,0,1
98005.92278,583.67,287.68,31.95,No,No,0,0,1
356616.8564,1645.41,528.26,24.92,No,Yes,0,1,1
329826.5374,714.02,561.66,21.2,No,No,0,0,1
395615.6045,1032.15,645.53,64.88,Yes,No,1,0,1
200405.0955,550.0,423.64,61.21,Yes,Yes,1,1,1
105050.8383,660.8,221.21,33.27,No,Yes,0,1,1
149122.5341,677.25,808.46,25.86,Yes,No,1,0,1
434448.4595,550.0,85.72,44.22,No,Yes,0,1,1
245992.4681,550.0,845.92,24.96,No,No,0,0,1
339460.7397,1635.79,383.34,6.94,No,No,0,0,1
167303.231,752.77,150.37,51.78,No,No,0,0,1
422554.5828,1229.6,669.56,48.59,Yes,No,1,0,1
471552.2626,1713.51,609.06,74.91,No,Yes,0,1,1
391309.264,1422.5,610.96,18.95,No,No,0,0,1
203699.5856,1327.51,1132.4,15.69,No,No,0,0,1
253944.4545,763.92,951.59,11.19,No,Yes,0,1,1
150480.8039,663.49,455.37,16.97,Yes,Yes,1,1,1
201314.9426,1489.19,280.65,47.71,No,No,0,0,1
243174.9977,1017.07,789.29,59.74,No,No,0,0,1
286536.4983,1059.64,30.61,9.72,No,No,0,0,1
195361.7896,550.0,549.99,42.22,Yes,Yes,1,1,1
414476.2629,682.68,468.41,2.45,No,Yes,0,1,1
106135.1287,904.54,8.18,5.45,Yes,No,1,0,1
225737.5059,839.86,1022.66,44.57,No,Yes,0,1,1
256992.6982,1134.26,622.58,28.28,No,Yes,0,1,1
185176.1107,866.59,443.86,38.24,No,No,0,0,1
122880.1573,550.0,687.41,30.2,No,No,0,0,1
312897.756,1172.45,618.91,36.21,No,Yes,0,1,1
162537.203,909.84,207.15,73.54,No,No,0,0,1
431051.9091,1307.6,718.87,23.52,No,Yes,0,1,1
288022.9267,805.25,394.34,36.98,No,No,0,0,1
268783.2257,922.14,498.24,36.83,No,No,0,0,1
288084.4238,571.36,756.17,43.54,No,No,0,0,1
333607.6898,556.0,850.34,15.39,No,Yes,0,1,1
165856.2941,1209.92,785.48,18.12,No,No,0,0,1
154933.1427,559.06,494.75,35.66,No,Yes,0,1,1
248291.5764,978.14,909.83,14.87,No,No,0,0,1
575546.7533,1198.59,949.8,18.68,No,Yes,0,1,1
264706.2813,949.31,221.81,27.26,No,No,0,0,1
207362.1647,1017.03,478.38,23.05,No,Yes,0,1,1
410196.7071,1255.64,625.39,6.03,Yes,No,1,0,1
530438.3597,1044.63,522.58,5.25,No,No,0,0,1
209445.4725,1024.93,371.46,58.15,No,Yes,0,1,1
122796.4118,550.0,333.2,32.45,Yes,No,1,0,1
316992.3677,1546.07,664.26,57.35,No,Yes,0,1,1
340496.3677,1667.3,592.47,16.43,Yes,No,1,0,1
215340.6198,550.0,1129.59,33.31,Yes,No,1,0,1
339842.077,550.0,75.42,22.53,No,No,0,0,1
257701.0525,1579.89,646.67,26.46,No,No,0,0,1
449273.8818,1318.75,429.97,27.45,No,No,0,0,1
163683.9944,625.65,685.97,40.4,No,Yes,0,1,1
216085.2785,1028.21,513.63,28.05,No,Yes,0,1,1
466005.3147,1382.61,174.11,54.63,No,Yes,0,1,1
397168.0803,760.77,57.28,15.77,No,No,0,0,1
156485.1911,550.0,977.74,37.72,Yes,No,1,0,1
230016.2448,712.03,133.02,18.75,No,No,0,0,1
167114.0659,1210.49,248.46,19.59,No,No,0,0,1
448083.1316,1140.1,520.12,38.79,No,Yes,0,1,1
246595.8337,550.0,249.07,14.86,No,No,0,0,1
185133.6985,550.0,418.02,20.34,No,No,0,0,1
155815.2438,916.27,361.27,21.38,Yes,No,1,0,1
199506.893,564.33,125.24,33.68,No,Yes,0,1,1
208961.4829,774.03,322.18,6.63,Yes,Yes,1,1,1
227419.5738,1067.75,765.84,10.23,No,No,0,0,1
149533.4247,550.0,697.31,36.49,No,No,0,0,1
208981.4525,1401.71,497.84,69.09,No,Yes,0,1,1
167927.7775,1063.8,72.32,38.73,No,Yes,0,1,1
146992.1027,550.0,1004.72,31.04,No,No,0,0,1
98235.07669,1033.23,488.34,78.47,Yes,No,1,0,1
291066.7383,1878.52,243.89,34.68,No,No,0,0,1
381506.6625,1027.66,523.99,11.9,Yes,No,1,0,1
351885.5657,908.79,624.47,45.99,No,Yes,0,1,1
762704.1818,1553.15,852.56,15.15,No,No,0,0,1
109108.3763,550.0,548.94,22.88,No,No,0,0,1
265268.8963,1140.22,70.62,44.59,No,Yes,0,1,1
365250.9789,923.93,1085.37,11.62,No,No,0,0,1
407106.8769,550.0,323.79,35.63,No,No,0,0,1
224961.5539,1310.8,311.28,36.98,No,No,0,0,1
168112.9189,1060.34,256.31,52.23,Yes,Yes,1,1,1
476293.4389,1619.76,465.92,31.76,No,Yes,0,1,1
211071.0095,550.0,551.59,11.88,No,No,0,0,1
475423.0378,1421.07,242.62,38.02,No,No,0,0,1
446784.2967,1591.04,437.0,33.29,No,No,0,0,1
157786.9365,689.33,710.52,32.73,No,Yes,0,1,1
383291.0398,1133.28,601.8,1.68,No,Yes,0,1,1
482513.0285,834.77,655.14,10.11,Yes,Yes,1,1,1
147534.5009,696.73,798.97,31.93,No,Yes,0,1,1
196851.6501,1076.3,458.96,55.02,No,No,0,0,1
215961.4266,550.0,485.29,26.61,No,Yes,0,1,1
140831.8237,914.76,172.7,32.48,Yes,No,1,0,1
247526.258,1001.08,439.99,33.83,Yes,Yes,1,1,1
110779.6411,550.0,364.47,28.31,No,Yes,0,1,1
344987.0509,1704.13,458.03,35.75,Yes,No,1,0,1
480231.0677,1996.41,470.03,3.51,No,Yes,0,1,1
469779.5525,692.32,292.98,16.44,No,Yes,0,1,1
323473.5061,1331.18,88.42,3.0,No,No,0,0,1
348646.5274,727.67,487.09,41.64,No,No,0,0,1
128435.0644,550.0,301.44,7.88,No,No,0,0,1
160967.1899,550.0,716.98,10.94,No,Yes,0,1,1
169757.4294,1090.98,299.44,66.22,Yes,No,1,0,1
242858.6649,660.69,735.01,42.55,No,No,0,0,1
188684.9683,550.0,478.25,22.06,Yes,No,1,0,1
131183.6791,550.0,660.16,48.56,Yes,No,1,0,1
425369.7452,1632.41,919.8,26.81,No,No,0,0,1
499696.5864,1069.5,606.66,15.72,No,Yes,0,1,1
183190.785,1155.22,484.34,25.07,Yes,No,1,0,1
198341.7797,916.71,579.87,28.83,No,No,0,0,1
195897.2397,1437.31,568.03,42.56,No,No,0,0,1
331226.1443,1067.87,217.9,47.16,Yes,No,1,0,1
117833.0743,550.0,395.98,73.85,No,No,0,0,1
558155.1768,1464.01,577.43,34.11,No,Yes,0,1,1
115615.3203,785.06,165.5,51.01,No,No,0,0,1
373827.7512,840.12,1251.42,30.8,No,Yes,0,1,1
301781.1467,801.85,621.36,47.83,No,Yes,0,1,1
294657.38,1480.48,1058.42,9.74,No,Yes,0,1,1
189728.5889,662.87,193.62,61.7,No,No,0,0,1
139677.7098,984.1,361.65,33.83,No,No,0,0,1
353954.5232,920.56,828.17,46.83,No,No,0,0,1
181925.901,1515.29,720.04,25.99,Yes,Yes,1,1,1
309154.0514,1963.87,607.45,28.65,Yes,Yes,1,1,1
92774.04799,670.81,777.24,46.45,Yes,No,1,0,1
374302.8931,839.76,138.49,47.83,No,No,0,0,1
562151.053,1286.17,387.44,21.56,No,No,0,0,1
203289.7325,909.57,695.96,9.5,No,Yes,0,1,1
277242.4891,828.63,459.08,35.9,Yes,No,1,0,1
415416.769,1682.22,645.04,50.54,No,No,0,0,1
354489.5646,1275.71,627.16,2.92,No,No,0,0,1
339200.9901,1388.79,710.95,63.34,No,Yes,0,1,1
410773.7438,1223.21,318.94,40.7,No,Yes,0,1,1
247617.3432,637.66,427.73,30.98,No,Yes,0,1,1
201435.0774,591.93,38.03,14.57,No,Yes,0,1,1
562160.7089,645.66,432.17,2.05,No,Yes,0,1,1
108739.5259,918.86,555.33,15.57,No,No,0,0,1
421953.7341,1021.92,397.07,55.42,No,No,0,0,1
197643.7107,1025.08,898.79,19.88,No,Yes,0,1,1
233342.2854,550.0,467.52,40.7,No,No,0,0,1
454826.7298,1328.99,469.5,10.93,No,No,0,0,1
587055.1488,1930.03,800.71,19.86,No,No,0,0,1
119789.4769,550.0,47.13,52.34,Yes,Yes,1,1,1
342875.1627,1284.14,26.05,10.11,No,No,0,0,1
132679.1883,630.95,22.96,27.82,No,Yes,0,1,1
107131.8222,550.0,780.34,44.25,No,No,0,0,1
165863.1355,1226.59,900.44,5.32,No,No,0,0,1
495148.1821,812.15,599.29,16.87,No,No,0,0,1
319405.5711,554.51,663.26,57.12,No,Yes,0,1,1
250967.0996,588.48,319.66,26.67,No,No,0,0,1
117918.5277,550.0,91.61,4.3,No,No,0,0,1
243254.6491,968.63,955.04,16.35,No,Yes,0,1,1
266620.3033,834.4,424.69,13.5,No,Yes,0,1,1
450725.5037,1543.25,454.73,32.21,No,Yes,0,1,1
260869.6178,588.48,323.87,29.81,No,No,0,0,1
507713.0163,550.0,449.56,2.26,No,No,0,0,1
182779.7308,550.0,62.43,26.23,No,Yes,0,1,1
321849.8444,683.28,683.59,40.6,No,No,0,0,1
133886.6698,740.88,463.34,17.79,No,No,0,0,1
527756.2985,1434.43,370.18,20.76,No,No,0,0,1
136794.6888,967.81,463.41,17.03,No,No,0,0,1
184235.5417,1028.46,369.83,51.39,Yes,No,1,0,1
167473.2486,550.0,573.81,32.7,Yes,Yes,1,1,1
303962.8866,1113.69,4.58,30.4,No,No,0,0,1
666173.327,1300.36,761.02,19.48,No,No,0,0,1
283570.2735,1006.86,62.78,46.62,No,No,0,0,1
497737.6711,1568.19,92.9,34.4,Yes,Yes,1,1,1
394038.3909,1226.96,531.09,14.93,No,Yes,0,1,1
849297.2307,2405.6,171.16,38.32,No,No,0,0,1
215501.7223,1213.01,451.41,33.95,No,No,0,0,1
196091.6698,701.87,75.44,20.55,Yes,No,1,0,1
322009.8981,1528.82,624.83,1.12,Yes,Yes,1,1,1
108849.7826,764.24,664.94,21.28,No,Yes,0,1,1
293299.7552,925.18,648.46,27.4,No,No,0,0,1
304756.3378,1085.09,232.62,36.79,Yes,Yes,1,1,1
383349.313,1252.11,778.61,16.8,No,No,0,0,1
318697.4162,1638.78,893.49,36.03,No,No,0,0,1
113768.0565,645.83,541.42,28.47,No,No,0,0,1
199637.143,550.0,353.75,20.73,Yes,No,1,0,1
425810.8387,1559.56,215.68,37.91,No,No,0,0,1
611446.3581,1432.31,457.25,13.05,No,Yes,0,1,1
667307.0133,1167.52,414.24,38.18,No,No,0,0,1
155604.02,550.0,681.04,29.12,No,Yes,0,1,1
306732.7233,1618.08,694.75,14.36,No,Yes,0,1,1
175483.1363,1247.13,570.45,56.62,No,No,0,0,1
257182.233,757.36,613.27,23.72,No,No,0,0,1
192498.1029,799.39,1216.81,43.15,No,Yes,0,1,1
151361.7125,941.81,439.59,22.22,Yes,No,1,0,1
483683.052,550.0,906.71,57.87,No,Yes,0,1,1
440762.3342,1519.89,848.64,20.01,No,No,0,0,1
176426.4574,709.62,100.66,27.96,No,Yes,0,1,1
224973.4118,1474.99,774.45,25.39,No,Yes,0,1,1
340564.4614,550.0,223.2,63.46,No,No,0,0,1
144270.6511,966.05,366.65,56.62,No,No,0,0,1
273012.2059,756.26,104.8,37.59,No,Yes,0,1,1
625032.5031,2579.34,641.52,21.74,No,No,0,0,1
208322.3964,550.0,311.23,32.54,No,No,0,0,1
136062.8211,550.0,351.87,30.77,Yes,No,1,0,1
110450.8527,550.0,116.54,38.98,No,Yes,0,1,1
345705.3279,1004.33,383.41,29.1,Yes,No,1,0,1
125901.3577,550.0,794.9,42.49,Yes,No,1,0,1
151985.0457,1296.88,1051.09,18.2,No,Yes,0,1,1
338905.9794,1252.56,239.71,25.03,No,No,0,0,1
343771.9532,1758.17,285.33,18.38,Yes,No,1,0,1
174243.2503,550.0,480.48,19.06,No,No,0,0,1
338942.4888,1544.53,677.97,2.88,Yes,No,1,0,1
209556.1828,853.42,584.06,34.33,No,No,0,0,1
138343.9413,699.1,160.33,74.99,Yes,Yes,1,1,1
288276.8444,1863.33,857.09,4.57,No,Yes,0,1,1
172176.5119,550.0,867.01,40.43,No,Yes,0,1,1
286724.3972,1071.37,98.52,49.99,No,No,0,0,1
217710.7415,915.61,350.37,12.01,No,Yes,0,1,1
218446.7975,838.91,365.87,38.95,No,No,0,0,1
485724.5886,1537.28,258.36,44.21,No,Yes,0,1,1
194706.3253,792.46,181.11,33.25,No,Yes,0,1,1
131819.8828,557.98,59.19,44.5,No,Yes,0,1,1
477183.1747,1701.34,798.06,57.15,No,No,0,0,1
484512.1588,1052.48,43.02,6.47,No,No,0,0,1
96645.45592,777.56,701.26,36.53,No,No,0,0,1
242090.3177,1567.09,468.89,37.41,No,Yes,0,1,1
459577.8498,1061.97,333.14,31.09,No,No,0,0,1
191199.6967,550.0,746.43,46.2,No,No,0,0,1
417654.312,1050.87,293.12,29.56,No,Yes,0,1,1
222777.0701,659.51,774.48,49.07,No,Yes,0,1,1
339258.4368,1849.9,620.4,13.23,No,Yes,0,1,1
442788.154,1070.0,729.15,59.99,No,No,0,0,1
254303.635,752.71,825.31,44.37,No,No,0,0,1
300052.9435,1267.22,715.27,86.44,No,No,0,0,1
383024.0157,1569.31,1037.97,14.37,No,No,0,0,1
163298.013,611.78,779.85,9.41,No,Yes,0,1,1
666148.7699,1612.52,1159.82,38.87,Yes,No,1,0,1
183107.5642,730.03,631.71,71.7,No,No,0,0,1
251833.8761,1173.04,874.51,1.41,Yes,No,1,0,1
355415.1088,653.62,525.86,31.24,No,No,0,0,1
142984.178,550.0,164.88,38.5,No,No,0,0,1
177443.8225,636.83,195.19,1.6,No,No,0,0,1
232294.47,1017.19,300.08,18.21,No,No,0,0,1
278031.9432,933.56,825.34,27.18,No,No,0,0,1
290806.1083,550.0,592.31,58.94,No,No,0,0,1
451761.6713,1376.09,301.07,24.4,Yes,Yes,1,1,1
273232.6509,776.93,472.79,4.44,No,No,0,0,1
288525.3515,1174.24,144.94,35.97,No,No,0,0,1
134853.855,550.0,836.67,66.24,Yes,Yes,1,1,1
252379.5882,1269.27,249.34,32.19,No,Yes,0,1,1
527805.1623,1459.29,419.43,28.59,No,No,0,0,1
339013.2837,1159.38,366.84,44.69,No,No,0,0,1
102297.5218,555.51,611.77,16.59,No,No,0,0,1
298444.3614,1427.51,295.74,35.98,Yes,No,1,0,1
345118.1716,550.0,789.52,27.87,No,No,0,0,1
325649.7834,550.0,181.32,44.77,No,No,0,0,1
238884.6266,627.78,219.09,5.84,No,No,0,0,1
544527.3548,1074.21,693.25,20.03,No,Yes,0,1,1
214462.382,569.26,237.75,31.71,No,No,0,0,1
298680.9437,1042.03,445.34,1.43,No,Yes,0,1,1
442225.0674,1371.0,397.63,13.65,No,No,0,0,1
127451.1909,599.91,554.94,67.95,No,No,0,0,1
244580.9873,550.0,1080.29,28.46,No,No,0,0,1
174163.6594,767.77,1045.55,20.16,No,Yes,0,1,1
439592.108,1828.53,495.75,34.54,Yes,No,1,0,1
404176.0086,1035.96,517.48,25.97,No,No,0,0,1
473247.4614,588.25,654.63,47.94,No,No,0,0,1
293386.9158,1608.72,375.62,29.47,No,No,0,0,1
404832.6191,1645.3,87.61,72.39,No,No,0,0,1
237318.6527,945.51,585.59,4.92,Yes,Yes,1,1,1
260509.4674,1027.78,633.18,50.39,No,No,0,0,1
237627.2881,1774.66,552.28,26.7,No,Yes,0,1,1
390638.4666,1384.88,486.84,17.87,Yes,No,1,0,1
435506.5116,1257.21,808.46,26.25,No,No,0,0,1
212345.6267,550.0,492.09,9.62,No,No,0,0,1
303351.4472,1146.65,819.96,63.77,No,No,0,0,1
133676.534,862.01,249.1,0.3,No,No,0,0,1
127115.2583,610.07,908.56,1.46,No,Yes,0,1,1
105902.3322,550.0,251.84,50.61,No,No,0,0,1
206409.2786,795.24,540.4,27.48,Yes,No,1,0,1
419966.6879,623.86,133.06,17.15,No,Yes,0,1,1
261413.5934,1348.57,623.4,34.17,No,Yes,0,1,1
499241.8291,1054.36,187.51,61.83,No,Yes,0,1,1
324048.5151,774.9,609.13,26.26,No,Yes,0,1,1
122433.8106,550.0,967.79,45.96,No,Yes,0,1,1
279061.4155,1433.13,273.31,42.44,No,No,0,0,1
370421.234,759.22,507.23,0.14,No,No,0,0,1
320559.6601,583.7,260.14,8.83,Yes,Yes,1,1,1
299949.6785,613.65,167.43,21.39,No,No,0,0,1
542943.1356,925.73,449.65,42.02,Yes,No,1,0,1
160605.5604,550.0,453.98,35.2,No,Yes,0,1,1
612887.7486,1320.0,669.14,47.81,No,Yes,0,1,1
397948.0494,1488.9,734.17,49.2,No,No,0,0,1
147113.2338,894.95,452.22,48.4,No,No,0,0,1
161039.2134,956.98,120.84,40.09,No,Yes,0,1,1
459853.5182,1287.48,517.81,28.34,No,No,0,0,1
180340.2414,550.0,960.96,46.99,No,No,0,0,1
611952.6394,1152.86,897.1,38.81,No,No,0,0,1
196839.3153,583.36,594.34,24.75,No,Yes,0,1,1
676723.7491,1310.08,742.73,60.45,Yes,No,1,0,1
239641.2752,553.63,417.33,12.56,No,Yes,0,1,1
375354.3711,669.93,426.17,31.86,No,Yes,0,1,1
137651.9782,835.59,364.12,13.86,No,No,0,0,1
203760.4846,891.84,731.06,68.74,No,No,0,0,1
152297.6017,700.9,840.32,0.29,Yes,Yes,1,1,1
301642.0436,718.07,138.05,43.1,Yes,No,1,0,1
453631.532,550.0,349.43,2.61,No,Yes,0,1,1
333345.3744,1637.04,554.53,8.96,Yes,No,1,0,1
483241.2513,1529.31,762.56,32.5,No,No,0,0,1
763219.162,2721.32,543.35,16.07,No,Yes,0,1,1
430258.7998,1868.71,974.79,34.01,No,No,0,0,1
274890.2237,1094.63,1085.71,54.08,No,No,0,0,1
681994.9094,1120.64,368.3,75.38,No,No,0,0,1
102050.3585,550.0,435.35,3.77,Yes,No,1,0,1
121786.8176,930.28,2.75,8.77,No,No,0,0,1
631312.376,1811.82,423.66,25.14,No,No,0,0,1
271185.4808,1537.35,659.73,20.39,No,Yes,0,1,1
423815.248,1573.68,603.98,37.57,No,No,0,0,1
261807.1939,1954.21,25.96,54.84,No,No,0,0,1
158162.5983,993.92,215.54,21.52,No,No,0,0,1
131037.3002,550.0,113.08,18.03,Yes,Yes,1,1,1
119066.8326,813.84,1005.25,42.11,No,No,0,0,1
205784.669,1330.24,573.49,37.93,No,No,0,0,1
330437.4705,606.62,547.12,2.16,No,No,0,0,1
202608.9636,1334.82,153.25,45.04,No,Yes,0,1,1
749067.4694,1254.35,414.2,11.58,No,No,0,0,1
280826.7251,774.57,633.56,21.05,Yes,Yes,1,1,1
245099.9209,991.57,568.42,20.61,No,Yes,0,1,1
254894.2626,966.69,583.37,33.42,No,No,0,0,1
837970.4147,1702.79,267.7,54.48,No,No,0,0,1
432711.3006,949.39,252.68,24.21,No,Yes,0,1,1
388014.5042,1774.97,799.75,34.45,No,Yes,0,1,1
503314.3608,1899.3,447.03,22.73,No,No,0,0,1
346232.2238,1578.44,331.71,22.33,No,Yes,0,1,1
524187.1143,878.71,1061.87,38.27,No,Yes,0,1,1
218833.1818,841.37,507.01,20.08,Yes,No,1,0,1
307857.6781,790.32,603.84,14.13,Yes,Yes,1,1,1
221530.8266,1014.76,594.49,32.66,Yes,No,1,0,1
552399.0431,969.98,172.29,20.63,No,No,0,0,1
292393.51,1223.17,100.38,36.79,No,Yes,0,1,1
159467.8898,604.7,358.48,23.05,No,No,0,0,1
578259.3649,1553.28,767.25,18.2,No,No,0,0,1
185347.049,1291.71,197.32,44.88,No,No,0,0,1
244700.5513,562.66,1033.7,31.32,No,No,0,0,1
374107.3985,1883.16,84.5,10.83,No,Yes,0,1,1
256747.0528,1376.19,25.85,18.62,No,No,0,0,1
202442.6815,550.0,139.13,35.28,No,No,0,0,1
177048.5506,550.0,183.94,37.1,Yes,No,1,0,1
358206.1419,1230.8,808.78,31.3,No,No,0,0,1
592175.603,1535.36,331.35,19.7,No,Yes,0,1,1
311510.6121,773.75,890.83,12.94,No,Yes,0,1,1
552899.6883,1554.53,1146.39,36.25,No,No,0,0,1
330587.3834,1792.82,888.46,58.87,No,No,0,0,1
514204.7866,1167.07,284.86,52.42,No,Yes,0,1,1
242606.8395,1010.1,236.34,40.86,Yes,Yes,1,1,1
144004.2554,914.2,306.21,51.44,Yes,No,1,0,1
594488.8324,1379.79,375.08,33.8,No,Yes,0,1,1
148537.9023,550.0,83.41,36.73,Yes,Yes,1,1,1
270705.4256,550.0,449.25,22.78,No,Yes,0,1,1
244045.5199,738.18,515.33,59.06,No,Yes,0,1,1
284914.3038,1267.32,742.84,29.71,No,No,0,0,1
268056.2264,550.0,510.19,17.6,Yes,Yes,1,1,1
397277.2679,813.78,561.36,54.84,No,Yes,0,1,1
176690.5179,550.0,326.79,44.7,Yes,Yes,1,1,1
390128.7501,1708.43,673.86,35.68,No,No,0,0,1
689258.045,2068.36,314.26,54.28,No,Yes,0,1,1
205364.1847,873.82,273.01,23.6,No,Yes,0,1,1
114899.8269,550.0,586.88,30.55,No,No,0,0,1
157357.3693,806.87,429.91,42.53,Yes,Yes,1,1,1
124139.6177,687.49,79.42,18.56,No,No,0,0,1
712252.1894,1080.83,779.97,78.38,No,No,0,0,1
206938.7614,550.0,712.97,47.21,No,Yes,0,1,1
358135.5706,1150.13,112.35,5.1,No,Yes,0,1,1
270755.4029,917.29,369.9,31.68,No,Yes,0,1,1
215742.7482,550.0,210.44,41.76,No,No,0,0,1
214915.6692,1571.91,151.85,17.47,Yes,No,1,0,1
193808.0636,782.26,743.27,47.18,No,No,0,0,1
183923.0472,1161.81,532.59,12.5,No,No,0,0,1
587516.5043,1284.31,274.86,34.3,No,No,0,0,1
449529.6374,1183.0,332.92,40.62,No,No,0,0,1
198478.5025,607.86,577.09,39.02,Yes,Yes,1,1,1
192402.0638,1055.93,629.66,2.53,No,No,0,0,1
402293.4837,1010.63,512.88,44.63,Yes,Yes,1,1,1
154444.6512,550.0,549.2,63.05,No,Yes,0,1,1
134583.2515,550.0,715.05,6.03,Yes,Yes,1,1,1
165657.3604,800.7,165.21,59.26,Yes,No,1,0,1
222939.7391,1138.63,421.68,33.56,Yes,No,1,0,1
155158.3258,690.99,769.52,63.18,No,No,0,0,1
277814.9994,550.0,293.84,43.91,Yes,No,1,0,1
343027.6788,1339.82,768.82,38.12,Yes,No,1,0,1
284573.5039,1119.47,1157.72,22.86,Yes,No,1,0,1
427600.4758,1010.83,223.68,12.11,Yes,Yes,1,1,1
444412.2556,707.34,571.86,14.33,Yes,Yes,1,1,1
182718.5298,1946.34,521.38,22.93,No,No,0,0,1
380252.3536,1190.82,559.94,35.55,Yes,No,1,0,1
365330.0965,550.0,290.32,32.09,Yes,Yes,1,1,1
179268.8229,554.01,105.83,32.7,No,Yes,0,1,1
440770.9667,691.0,653.22,39.24,No,No,0,0,1
504313.189,1597.54,690.35,37.72,Yes,No,1,0,1
428833.192,1356.68,986.92,58.21,Yes,No,1,0,1
431395.731,849.96,504.5,46.83,No,No,0,0,1
154520.8067,550.0,198.3,47.9,Yes,Yes,1,1,1
346664.0448,550.0,747.99,14.98,No,Yes,0,1,1
223576.1619,1040.39,363.11,10.43,Yes,No,1,0,1
303919.7476,1247.77,132.9,27.37,Yes,No,1,0,1
276181.7237,550.0,17.11,34.23,No,No,0,0,1
166715.2509,799.57,460.93,40.2,No,Yes,0,1,1
127273.3566,554.26,660.58,55.84,No,No,0,0,1
311436.8045,666.22,1166.41,47.17,Yes,No,1,0,1
408043.3866,1362.44,1264.2,14.43,No,No,0,0,1
233789.3427,550.0,470.97,46.95,No,No,0,0,1
253706.2029,550.0,88.46,39.1,Yes,No,1,0,1
462394.7906,1658.26,682.33,16.96,No,No,0,0,1
253203.9042,554.8,640.68,41.62,Yes,No,1,0,1
181185.637,550.0,692.34,34.74,No,No,0,0,1
392732.8557,1028.47,213.54,30.1,Yes,Yes,1,1,1
300158.0896,1644.94,1206.59,42.01,Yes,No,1,0,1
351781.2559,736.85,767.81,21.38,No,Yes,0,1,1
336276.9028,965.01,821.61,50.46,No,No,0,0,1
389898.0003,917.99,151.87,80.23,No,Yes,0,1,1
565634.5769,1635.03,944.49,58.93,No,Yes,0,1,1
332929.6403,932.28,432.85,42.17,No,No,0,0,1
317519.7226,970.6,282.17,28.08,Yes,Yes,1,1,1
507865.0294,1318.75,1087.95,10.35,No,No,0,0,1
186836.4341,550.0,321.57,51.56,Yes,No,1,0,1
217832.0938,643.37,1345.94,11.71,No,Yes,0,1,1
200834.2875,550.0,322.67,22.88,No,Yes,0,1,1
306963.0262,550.0,859.58,0.76,Yes,No,1,0,1
120328.5623,1047.19,127.56,21.2,No,No,0,0,1
390936.305,1563.58,724.0,24.61,No,No,0,0,1
313286.8009,1831.8,480.02,15.22,No,No,0,0,1
384306.2272,1856.44,309.01,29.04,Yes,No,1,0,1
127058.6412,550.0,538.87,3.13,Yes,Yes,1,1,1
190599.4267,550.0,314.08,30.55,No,No,0,0,1
148126.1958,983.26,206.33,24.37,No,Yes,0,1,1
261715.0866,837.06,408.7,36.24,No,No,0,0,1
125908.1015,550.0,766.08,28.19,No,No,0,0,1
651993.5077,1363.54,229.35,37.92,No,No,0,0,1
183397.9195,550.0,266.9,20.45,No,No,0,0,1
287456.6726,813.44,924.66,24.72,Yes,Yes,1,1,1
727626.7059,1432.2,981.5,33.01,No,No,0,0,1
328391.6367,936.49,379.33,56.26,Yes,Yes,1,1,1
182527.0627,608.41,500.72,59.42,No,Yes,0,1,1
223665.42,1844.94,1202.52,63.25,Yes,Yes,1,1,1
226612.8674,1076.36,229.16,39.77,No,No,0,0,1
662104.8113,1348.09,826.76,6.09,No,No,0,0,1
167794.434,550.0,334.15,26.28,No,Yes,0,1,1
394371.9124,1668.25,758.91,29.89,Yes,Yes,1,1,1
315717.5255,1008.63,371.12,20.61,No,Yes,0,1,1
363115.9217,1495.54,102.09,12.7,No,Yes,0,1,1
558724.6168,1973.89,371.56,24.1,Yes,Yes,1,1,1
314630.9598,1937.42,569.13,28.92,No,No,0,0,1
299895.4757,1410.81,373.51,7.18,No,Yes,0,1,1
455248.5557,1036.36,155.28,23.66,Yes,No,1,0,1
397648.5235,1442.57,305.96,24.7,No,No,0,0,1
222701.3807,863.31,502.33,52.52,No,No,0,0,1
98540.95607,1107.54,645.26,10.61,No,No,0,0,1
131803.1407,550.0,342.48,18.64,No,No,0,0,1
423958.8646,935.24,351.22,44.61,Yes,Yes,1,1,1
341905.6708,1280.45,777.26,36.67,No,No,0,0,1
311596.6105,1106.34,1082.61,25.33,Yes,Yes,1,1,1
102811.3906,1173.75,517.21,39.3,Yes,No,1,0,1
713441.2579,1761.86,139.96,4.39,Yes,No,1,0,1
396505.3981,1109.92,433.56,48.72,Yes,Yes,1,1,1
235650.3565,844.95,249.42,11.38,Yes,No,1,0,1
113983.8198,594.57,756.04,29.84,Yes,Yes,1,1,1
195135.8534,1046.79,342.15,43.06,No,No,0,0,1
816228.0597,1639.0,261.29,37.23,No,No,0,0,1
95319.3426,550.0,83.86,9.53,No,No,0,0,1
184180.3022,1248.3,347.05,11.27,No,No,0,0,1
238886.441,817.26,942.17,17.58,No,No,0,0,1
439796.0716,1004.32,760.44,42.14,Yes,Yes,1,1,1
112697.6057,550.0,61.99,19.9,No,No,0,0,1
150319.056,1280.56,672.56,47.69,No,No,0,0,1
118738.0677,703.01,590.18,25.89,No,No,0,0,1
373841.5628,1024.7,827.3,12.85,No,No,0,0,1
136278.2019,1127.11,409.98,22.18,Yes,No,1,0,1
313323.3904,1259.71,482.01,33.45,No,Yes,0,1,1
329881.689,1227.08,257.05,30.55,No,Yes,0,1,1
376807.9552,1163.32,366.04,12.24,No,Yes,0,1,1
379636.3001,1622.22,116.78,55.16,No,Yes,0,1,1
146398.0981,550.0,281.58,35.38,No,No,0,0,1
257495.1117,760.79,311.73,19.17,No,No,0,0,1
791421.1359,1529.15,802.42,51.26,No,Yes,0,1,1
282855.1167,550.0,135.08,39.45,No,Yes,0,1,1
412716.6364,1113.87,454.43,36.02,No,No,0,0,1
380776.593,861.76,33.53,56.54,No,No,0,0,1
113695.3777,852.57,97.21,33.37,No,Yes,0,1,1
402016.5032,1452.3,446.97,57.55,No,Yes,0,1,1
370439.3523,1501.25,80.27,45.34,No,No,0,0,1
315279.277,1528.68,113.22,37.26,Yes,No,1,0,1
311996.9285,791.8,388.11,39.59,No,No,0,0,1
154133.2594,550.0,528.78,11.76,No,Yes,0,1,1
125895.9984,731.32,574.96,4.2,No,No,0,0,1
509396.2491,1294.63,975.53,13.67,No,Yes,0,1,1
295674.2272,692.1,572.25,86.14,No,No,0,0,1
280797.6486,594.02,673.19,31.53,No,No,0,0,1
253671.3641,794.16,213.83,32.69,Yes,No,1,0,1
304061.1571,781.01,888.84,32.52,No,Yes,0,1,1
311418.5885,1362.72,1044.39,57.7,No,No,0,0,1
129891.1783,550.0,457.3,45.4,Yes,No,1,0,1
277678.3584,1360.01,165.16,37.04,No,No,0,0,1
449851.6157,839.18,39.77,38.71,No,No,0,0,1
336980.0256,746.94,501.69,11.87,No,Yes,0,1,1
151227.593,550.0,255.07,42.94,Yes,No,1,0,1
239893.8764,845.84,590.94,40.94,Yes,No,1,0,1
407439.7019,1144.52,244.18,12.4,No,No,0,0,1
249197.4365,1230.22,91.7,4.6,Yes,No,1,0,1
152316.5163,1159.83,160.48,9.54,No,No,0,0,1
152308.4204,874.53,381.24,40.79,Yes,Yes,1,1,1
341988.3309,1134.91,153.37,8.77,Yes,Yes,1,1,1
108814.7493,808.03,401.62,31.34,No,No,0,0,1
251531.1664,550.0,182.65,35.88,No,Yes,0,1,1
196709.0234,815.38,640.17,19.55,No,No,0,0,1
213524.6477,1208.86,661.44,23.08,No,Yes,0,1,1
113269.523,550.0,23.66,26.43,No,No,0,0,1
290268.5031,1608.32,1111.4,32.16,No,Yes,0,1,1
223105.4141,1697.87,722.04,11.27,No,No,0,0,1
373527.7319,1065.39,160.6,55.28,No,No,0,0,1
334532.0755,1423.0,593.15,29.1,No,Yes,0,1,1
572622.5536,1250.32,673.64,35.24,Yes,No,1,0,1
829280.1212,1540.08,966.55,33.64,No,No,0,0,1
314074.2013,984.21,120.1,49.07,Yes,No,1,0,1
294658.1949,1356.4,261.49,74.07,Yes,Yes,1,1,1
356015.9725,550.0,304.92,58.32,Yes,Yes,1,1,1
470536.3101,1594.17,567.07,0.05,No,No,0,0,1
506332.0959,1612.72,1324.12,43.94,No,Yes,0,1,1
337885.0451,1327.52,421.46,66.57,No,Yes,0,1,1
398607.9416,1756.64,946.52,12.64,No,Yes,0,1,1
200372.4571,550.0,479.64,56.61,No,No,0,0,1
564668.1947,2194.65,479.92,54.6,No,No,0,0,1
165193.2235,550.0,1255.34,0.73,No,Yes,0,1,1
348619.8053,1681.69,615.04,7.9,No,Yes,0,1,1
230578.9288,1243.58,389.21,30.16,Yes,No,1,0,1
196299.6935,943.11,780.54,38.12,No,No,0,0,1
197377.5948,819.71,598.22,1.17,No,No,0,0,1
111897.733,550.0,712.54,5.47,Yes,No,1,0,1
213676.0506,777.79,165.77,38.98,No,Yes,0,1,1
136866.0138,965.04,539.41,23.36,Yes,No,1,0,1
94995.80949,550.0,727.66,31.2,No,No,0,0,1
650855.1678,1628.72,462.37,45.91,No,No,0,0,1
132104.0494,907.51,875.99,24.46,Yes,Yes,1,1,1
203731.6781,550.0,306.83,4.42,No,Yes,0,1,1
213896.1784,550.0,174.87,34.25,No,No,0,0,1
302138.7007,1664.88,980.87,39.32,Yes,No,1,0,1
245731.7371,1188.92,835.27,23.92,No,Yes,0,1,1
98718.31518,550.0,779.69,13.96,Yes,Yes,1,1,1
830152.1566,1784.63,516.74,1.23,No,No,0,0,1
313484.1485,822.24,967.04,51.71,No,No,0,0,1
151913.9993,1488.04,707.73,22.05,No,No,0,0,1
374415.8652,1635.34,640.43,32.5,No,No,0,0,1
173059.6361,1244.67,439.03,47.68,No,Yes,0,1,1
345985.2698,1092.07,476.54,28.09,No,No,0,0,1
191530.8126,550.0,193.33,23.38,No,Yes,0,1,1
232593.1716,1145.22,94.04,60.4,No,No,0,0,1
134264.7762,550.0,677.43,48.18,No,Yes,0,1,1
166993.8211,550.0,368.92,7.11,Yes,Yes,1,1,1
411696.635,1622.43,454.07,7.31,Yes,No,1,0,1
129375.8222,550.0,557.19,24.73,Yes,No,1,0,1
540260.287,1457.94,30.7,60.65,No,No,0,0,1
348780.2029,1465.72,310.21,18.56,No,No,0,0,1
112889.549,813.44,83.54,57.88,Yes,No,1,0,1
161135.927,1355.66,213.57,38.9,No,No,0,0,1
255530.6013,1964.4,929.31,46.62,Yes,No,1,0,1
168330.4741,783.13,372.3,52.89,Yes,Yes,1,1,1
92601.95258,785.99,1001.37,45.85,No,Yes,0,1,1
306219.2514,769.33,294.5,58.99,No,No,0,0,1
540757.4699,1984.35,386.43,65.69,No,No,0,0,1
182456.2896,550.0,434.72,25.87,No,No,0,0,1
432123.938,933.99,249.17,14.32,No,Yes,0,1,1
99338.70513,754.7,411.51,20.47,No,No,0,0,1
431606.9747,978.37,1137.92,9.61,No,No,0,0,1
163923.6526,866.92,490.14,28.7,Yes,Yes,1,1,1
112202.2475,720.07,834.12,44.07,No,No,0,0,1
436153.2994,1035.55,187.9,74.41,No,No,0,0,1
419292.4776,1635.13,285.85,19.8,Yes,No,1,0,1
219051.4837,860.5,316.29,28.98,No,No,0,0,1
229305.9829,805.18,949.4,58.93,No,No,0,0,1
242334.6467,550.0,483.13,53.63,No,Yes,0,1,1
271609.5495,669.92,210.68,18.26,No,Yes,0,1,1
129581.9276,550.0,383.09,21.53,No,No,0,0,1
349805.471,1284.04,727.56,44.01,Yes,Yes,1,1,1
380264.2489,900.27,199.73,20.22,Yes,Yes,1,1,1
205838.1961,1298.07,780.42,42.94,No,No,0,0,1
479551.9932,1191.96,583.2,36.95,No,No,0,0,1
152349.6387,550.0,231.56,62.76,No,Yes,0,1,1
564164.8118,2468.58,819.54,61.91,Yes,Yes,1,1,1
239850.3375,589.27,261.54,13.26,No,No,0,0,1
630878.4614,1270.65,91.09,53.06,No,No,0,0,1
573083.1594,1516.73,149.41,25.37,No,No,0,0,1
465801.9712,645.31,554.56,39.0,No,No,0,0,1
186837.4162,935.59,503.71,9.22,Yes,No,1,0,1
272173.3089,934.48,655.14,27.23,No,Yes,0,1,1
99790.47713,738.76,676.95,33.2,No,No,0,0,1
215596.0861,555.88,655.24,19.56,Yes,No,1,0,1
385144.7233,1002.76,515.12,26.26,No,No,0,0,1
417432.9492,1339.23,630.25,27.85,No,No,0,0,1
235149.0994,857.78,615.54,27.79,Yes,Yes,1,1,1
282190.943,690.82,983.03,50.05,No,No,0,0,1
399718.2074,1510.98,440.43,24.34,No,No,0,0,1
352518.6373,1194.41,399.92,55.85,No,No,0,0,1
295544.7864,1569.16,819.59,11.91,Yes,Yes,1,1,1
148899.3633,677.16,375.04,43.17,No,No,0,0,1
728421.5303,2189.13,845.53,4.66,No,No,0,0,1
492336.0882,2237.66,723.54,18.76,Yes,Yes,1,1,1
202973.6518,1173.33,528.74,9.73,Yes,Yes,1,1,1
300234.4103,990.47,742.61,10.73,No,Yes,0,1,1
529170.2351,1506.32,600.17,38.68,Yes,No,1,0,1
395372.1412,1744.56,437.49,12.26,Yes,Yes,1,1,1
321898.8296,1124.78,301.6,6.05,No,No,0,0,1
629971.2026,1545.13,163.93,55.25,No,No,0,0,1
248774.6128,1314.72,765.95,59.41,No,Yes,0,1,1
274030.2632,1109.44,335.38,39.67,No,No,0,0,1
506924.7007,1358.29,825.28,30.44,No,No,0,0,1
413163.3197,1075.91,27.67,21.66,No,Yes,0,1,1
250365.5653,789.29,21.86,40.62,No,No,0,0,1
574797.8715,1371.48,141.89,40.93,No,Yes,0,1,1
289207.8725,1187.73,162.59,20.07,Yes,Yes,1,1,1
443216.9696,1179.23,850.12,6.87,No,No,0,0,1
226312.606,830.87,548.86,34.28,No,Yes,0,1,1
533541.3888,550.0,564.45,17.65,No,Yes,0,1,1
412388.0148,1052.51,374.26,36.22,No,Yes,0,1,1
132458.2991,550.0,36.3,33.08,No,No,0,0,1
507058.1517,1308.37,422.95,3.25,No,Yes,0,1,1
137475.7105,550.0,878.77,40.44,No,No,0,0,1
209231.3155,590.02,906.82,77.49,Yes,No,1,0,1
531828.5757,898.96,448.71,40.34,No,No,0,0,1
188772.5549,995.06,131.62,20.97,No,No,0,0,1
144184.616,1046.72,365.58,7.37,Yes,Yes,1,1,1
570090.1058,1676.09,205.94,36.22,No,Yes,0,1,1
263369.584,550.0,398.35,9.77,No,No,0,0,1
155755.9859,550.0,541.91,39.57,Yes,No,1,0,1
236381.0551,1028.83,739.36,10.24,No,Yes,0,1,1
234225.3508,984.01,671.11,24.57,No,No,0,0,1
190448.0922,550.0,493.72,27.39,No,No,0,0,1
184652.8351,693.18,132.85,67.25,Yes,No,1,0,1
209841.1212,1019.02,715.25,33.37,No,Yes,0,1,1
256654.3421,1555.84,280.54,43.66,Yes,No,1,0,1
346383.1279,898.6,487.97,36.58,No,Yes,0,1,1
270401.0649,2093.21,214.02,64.46,No,No,0,0,1
135675.877,780.1,377.87,26.5,Yes,Yes,1,1,1
323789.908,553.44,886.46,26.45,No,Yes,0,1,1
173493.5874,1241.41,960.46,71.69,No,No,0,0,1
268744.0295,550.0,473.24,43.0,Yes,No,1,0,1
132997.0632,1002.88,1017.57,22.95,Yes,No,1,0,1
251127.5689,1092.84,972.76,25.6,Yes,No,1,0,1
166249.1423,696.71,1109.8,50.24,No,Yes,0,1,1
288443.5405,1409.85,671.34,48.42,Yes,No,1,0,1
527678.7966,1789.2,575.16,29.46,Yes,No,1,0,1
212914.6987,550.0,731.51,6.5,No,Yes,0,1,1
608346.9181,1346.71,560.78,11.32,Yes,No,1,0,1
113736.8159,550.0,300.57,59.71,No,No,0,0,1
170579.0863,1140.53,314.26,47.3,No,Yes,0,1,1
199494.4664,550.0,484.81,62.49,Yes,Yes,1,1,1
576752.4502,1566.17,413.19,28.69,Yes,No,1,0,1
176184.984,1520.84,69.47,32.04,No,No,0,0,1
561136.6102,1287.6,730.59,37.77,Yes,No,1,0,1
324219.1165,1440.88,234.59,33.33,No,Yes,0,1,1
239318.3161,1817.51,796.01,39.32,No,No,0,0,1
329972.2498,1406.02,401.06,54.95,Yes,No,1,0,1
209251.238,1457.32,742.46,45.73,No,No,0,0,1
333793.7857,1498.62,568.73,34.08,Yes,Yes,1,1,1
382471.2411,1181.63,512.76,59.36,No,Yes,0,1,1
608409.4563,1259.23,741.42,12.62,No,No,0,0,1
288145.2699,550.0,317.83,55.2,No,Yes,0,1,1
714083.0738,1532.97,807.16,65.69,No,No,0,0,1
170728.7881,841.15,263.56,22.73,Yes,Yes,1,1,1
97646.83316,1125.42,854.36,9.64,No,No,0,0,1
502951.2248,1238.53,427.79,42.94,No,No,0,0,1
437886.321,1183.87,500.16,38.03,No,No,0,0,1
106959.66,724.56,657.44,25.11,Yes,No,1,0,1
134650.013,1164.17,353.24,51.56,Yes,No,1,0,1
477320.8515,800.24,538.07,27.28,Yes,No,1,0,1
320726.3276,1786.61,586.33,17.74,No,No,0,0,1
215617.7792,707.78,892.92,51.71,No,No,0,0,1
256768.3487,1326.33,925.08,70.28,No,Yes,0,1,1
597561.8821,1427.45,14.46,30.83,No,No,0,0,1
363786.1727,1601.53,705.82,37.84,No,Yes,0,1,1
256432.41,797.3,793.67,27.01,No,No,0,0,1
287104.5116,550.0,659.46,12.74,No,Yes,0,1,1
382986.1356,1487.75,298.14,52.23,No,No,0,0,1
609953.1005,1299.92,344.43,4.53,No,No,0,0,1
164784.6152,550.0,747.1,21.83,No,No,0,0,1
270220.6987,626.54,1182.22,55.37,No,No,0,0,1
116809.1831,550.0,125.81,40.41,No,Yes,0,1,1
691877.0097,1482.85,297.09,19.69,Yes,Yes,1,1,1
190679.4116,1572.67,176.02,3.27,Yes,No,1,0,1
212746.8088,679.57,518.23,46.36,Yes,No,1,0,1
219685.3454,961.63,691.26,23.42,Yes,No,1,0,1
191094.1163,1032.15,485.19,5.58,No,No,0,0,1
244632.8005,1091.18,607.0,43.88,Yes,No,1,0,1
576780.8894,1423.76,356.87,33.88,No,No,0,0,1
135803.542,550.0,386.65,30.29,No,No,0,0,1
465446.4607,1724.17,557.18,3.21,No,No,0,0,1
458499.8035,881.16,492.47,21.01,No,No,0,0,1
339288.0054,550.0,467.19,40.19,No,No,0,0,1
120656.4199,550.0,289.13,63.59,No,Yes,0,1,1
323195.0317,1064.35,176.48,1.84,No,Yes,0,1,1
546443.9519,1607.84,744.42,34.17,No,No,0,0,1
562266.5537,1527.91,377.86,28.86,Yes,Yes,1,1,1
201588.9212,550.0,118.39,40.76,Yes,Yes,1,1,1
283605.4848,1076.92,2.04,28.23,No,No,0,0,1
163869.4855,550.0,539.29,7.46,No,No,0,0,1
252574.0625,1689.01,927.52,46.98,Yes,No,1,0,1
139508.8518,674.92,980.0,87.5,No,Yes,0,1,1
467961.8684,565.46,207.62,30.3,No,No,0,0,1
386188.4407,1743.78,792.52,31.96,No,No,0,0,1
164483.0394,768.26,326.59,46.28,No,No,0,0,1
364356.9769,1297.08,761.2,58.74,No,No,0,0,1
344078.7362,858.81,567.14,29.75,Yes,No,1,0,1
196032.289,550.0,180.83,4.97,No,No,0,0,1
394713.9116,965.69,657.99,55.69,No,No,0,0,1
208564.8321,550.0,28.14,56.27,No,No,0,0,1
438846.4077,733.82,440.05,32.07,No,No,0,0,1
395909.7504,564.0,195.69,21.15,No,No,0,0,1
330299.8118,1237.24,424.39,22.88,No,No,0,0,1
252942.5077,550.0,46.72,32.06,No,No,0,0,1
166518.0819,852.32,351.18,21.4,No,No,0,0,1
364861.8592,711.62,584.84,15.09,No,Yes,0,1,1
398669.8832,1912.38,507.06,41.58,No,No,0,0,1
144240.8553,550.0,544.76,14.29,No,Yes,0,1,1
327410.5192,1051.52,282.39,50.93,No,No,0,0,1
229456.1673,586.53,880.07,2.47,No,No,0,0,1
181675.5726,885.62,246.89,5.33,No,No,0,0,1
243841.9274,614.09,522.41,50.68,No,No,0,0,1
204468.4431,550.0,925.64,49.56,No,No,0,0,1
461615.7067,806.9,364.67,47.38,No,No,0,0,1
291340.4072,1324.76,591.56,0.53,No,Yes,0,1,1
517884.4598,1693.55,924.87,11.62,No,No,0,0,1
128107.9482,558.97,180.3,17.34,No,No,0,0,1
334203.7175,945.19,266.94,7.87,No,No,0,0,1
429059.6586,1532.61,611.52,41.13,No,No,0,0,1
649626.5373,1634.97,873.35,53.4,No,No,0,0,1
268927.7861,550.0,652.27,14.79,No,No,0,0,1
329232.3675,1002.7,1018.61,3.87,Yes,Yes,1,1,1
298393.5383,1389.32,418.03,22.56,No,Yes,0,1,1
238598.1583,950.91,16.56,9.5,No,No,0,0,1
174594.5713,550.0,154.05,4.63,No,Yes,0,1,1
348533.4625,1021.58,568.03,39.76,No,No,0,0,1
195395.1853,1058.54,28.08,1.56,No,No,0,0,1
207562.4052,832.15,582.44,34.82,No,No,0,0,1
222458.8726,748.24,109.07,7.19,No,No,0,0,1
184064.8596,550.0,15.09,2.77,No,No,0,0,1
109342.557,550.0,40.79,48.14,No,No,0,0,1
135762.7724,690.85,463.16,41.93,No,No,0,0,1
378016.2366,1761.01,453.55,37.47,No,No,0,0,1
135637.489,550.0,570.12,4.84,No,No,0,0,1
260655.36,1046.69,157.52,16.44,Yes,No,1,0,1
326517.4819,1282.25,1107.92,27.25,No,No,0,0,1
315021.7668,1083.33,448.53,9.09,No,No,0,0,1
382106.8186,1003.86,507.85,29.61,No,No,0,0,1
337437.9892,550.0,785.92,24.7,No,No,0,0,1
338867.9445,737.53,738.21,43.53,No,No,0,0,1
156375.4648,550.0,200.61,46.26,No,Yes,0,1,1
212646.0281,1241.82,352.69,23.26,No,Yes,0,1,1
394191.4072,1040.56,81.47,8.89,Yes,No,1,0,1
410418.3467,1438.6,106.4,8.61,No,Yes,0,1,1
434991.6789,939.05,695.47,50.81,No,No,0,0,1
591424.2005,1339.86,547.11,48.16,Yes,No,1,0,1
138576.4811,774.59,762.41,45.25,No,Yes,0,1,1
377699.5036,1929.33,647.55,59.68,No,No,0,0,1
486386.3734,1488.2,472.2,18.47,No,No,0,0,1
498208.2619,2115.54,1054.76,35.47,No,No,0,0,1
158341.8859,1066.74,438.49,26.64,No,No,0,0,1
148633.5207,550.0,529.47,30.9,No,No,0,0,1
460878.5145,826.87,578.59,1.75,No,No,0,0,1
455430.4253,1357.84,784.37,47.18,No,No,0,0,1
282404.5476,1156.97,479.93,18.81,Yes,No,1,0,1
113167.6128,550.0,353.03,8.28,No,Yes,0,1,1
206841.4109,550.0,260.87,32.95,No,No,0,0,1
578051.277,1302.97,786.75,47.03,No,Yes,0,1,1
266078.998,1856.18,552.05,7.26,No,No,0,0,1
375742.0057,1063.04,611.67,38.75,No,No,0,0,1
266190.2215,1038.6,773.0,45.01,Yes,Yes,1,1,1
251463.4563,1686.82,53.18,46.2,Yes,Yes,1,1,1
361506.0277,550.0,897.81,23.43,No,Yes,0,1,1
346632.8721,1385.14,1030.63,12.7,Yes,No,1,0,1
562084.7515,915.54,641.04,13.59,Yes,Yes,1,1,1
645131.9324,2233.04,603.29,10.99,No,Yes,0,1,1
205880.9663,1016.62,540.36,22.6,No,No,0,0,1
363161.8753,1423.75,223.78,41.92,No,Yes,0,1,1
359643.3157,1016.53,479.81,39.09,No,Yes,0,1,1
287941.7178,1153.8,708.58,28.6,No,Yes,0,1,1
109834.0198,834.66,422.04,31.59,No,No,0,0,1
185377.3079,631.39,692.86,9.73,No,Yes,0,1,1
207302.7121,550.0,201.94,54.91,Yes,Yes,1,1,1
497093.5765,817.6,451.7,1.17,No,Yes,0,1,1
433254.7866,983.44,230.94,24.73,Yes,Yes,1,1,1
419409.8298,1601.72,236.11,34.09,No,Yes,0,1,1
129334.4378,659.64,443.04,38.87,No,Yes,0,1,1
109940.888,965.05,45.6,52.21,Yes,No,1,0,1
111070.1369,1143.71,1080.91,22.98,Yes,No,1,0,1
406264.4939,952.63,417.99,26.62,Yes,No,1,0,1
453280.3186,2670.46,677.61,22.08,Yes,Yes,1,1,1
484590.9808,1175.07,175.45,26.41,No,No,0,0,1
263985.8704,550.0,134.22,5.91,Yes,No,1,0,1
287378.1335,912.66,888.72,13.39,No,Yes,0,1,1
155245.5635,550.0,130.61,31.0,Yes,No,1,0,1
220214.6421,550.0,39.63,24.77,No,No,0,0,1
611797.062,1437.56,234.52,16.21,No,Yes,0,1,1
466229.3639,1756.32,633.69,25.71,No,Yes,0,1,1
200768.8166,550.0,323.31,32.52,Yes,No,1,0,1
295492.6005,1589.14,59.83,78.42,Yes,Yes,1,1,1
304321.73,1325.42,461.52,33.44,Yes,Yes,1,1,1
292921.509,1361.23,300.72,42.52,Yes,No,1,0,1
142740.4811,550.0,722.38,25.56,No,No,0,0,1
646526.0787,1924.5,427.88,5.92,No,Yes,0,1,1
229002.2247,876.31,600.38,30.62,No,No,0,0,1
193604.4884,1000.08,429.12,15.15,Yes,No,1,0,1
436066.8884,1305.92,427.58,21.84,No,No,0,0,1
145605.9049,550.0,249.49,14.51,Yes,Yes,1,1,1
584060.7653,1375.64,700.64,64.46,No,No,0,0,1
228217.1805,1557.14,124.6,34.25,No,No,0,0,1
102550.9162,561.99,599.31,16.54,No,Yes,0,1,1
382816.8382,1542.26,991.18,45.74,Yes,No,1,0,1
360527.6946,1464.41,557.48,34.62,No,No,0,0,1
376483.678,645.07,910.19,15.49,No,No,0,0,1
173453.0226,586.27,468.91,18.49,No,Yes,0,1,1
254639.4274,1350.43,717.58,0.68,Yes,No,1,0,1
483449.2151,2090.48,769.54,11.08,No,Yes,0,1,1
192489.5084,1237.2,264.01,58.78,No,Yes,0,1,1
214842.9478,688.88,841.61,57.95,Yes,Yes,1,1,1
216365.0686,1002.01,755.42,19.42,No,No,0,0,1
175080.1936,1118.5,797.38,11.84,No,No,0,0,1
188820.579,637.9,341.58,3.82,No,No,0,0,1
227140.276,1504.02,1090.01,6.79,No,No,0,0,1
409719.3827,1128.66,764.03,11.49,No,Yes,0,1,1
306771.0113,1351.0,40.8,60.26,No,No,0,0,1
304817.7262,1157.68,820.77,3.04,No,Yes,0,1,1
277979.9734,550.0,304.19,67.46,Yes,No,1,0,1
140708.0612,550.0,572.87,6.33,No,No,0,0,1
388066.3842,947.97,430.49,30.08,No,Yes,0,1,1
150396.4581,550.0,899.22,51.62,No,No,0,0,1
337620.1849,1032.22,48.87,3.49,No,No,0,0,1
192523.1451,550.0,647.11,36.58,Yes,No,1,0,1
165582.9574,550.0,177.15,66.35,Yes,Yes,1,1,1
218624.3683,550.0,223.9,30.03,No,No,0,0,1
208333.7138,634.94,68.44,68.17,No,No,0,0,1
197878.8468,806.19,988.98,43.81,Yes,No,1,0,1
465740.0164,1613.59,598.58,35.29,Yes,Yes,1,1,1
298803.5502,1339.88,443.41,36.41,No,No,0,0,1
158526.3876,1384.41,805.9,36.27,Yes,No,1,0,1
204136.2372,842.88,448.5,4.54,No,No,0,0,1
95470.82672,1367.54,885.22,11.23,No,No,0,0,1
105223.5852,550.0,62.64,63.69,Yes,Yes,1,1,1
177609.5261,886.52,534.52,25.01,No,No,0,0,1
284982.2862,1349.32,846.47,27.37,No,No,0,0,1
194056.4015,1123.25,798.65,23.07,No,No,0,0,1
352173.3385,982.47,664.33,19.43,No,No,0,0,1
188994.8131,1034.81,1047.28,27.22,Yes,No,1,0,1
458131.6722,550.0,1208.95,21.54,No,Yes,0,1,1
234171.1958,550.0,692.51,46.01,No,No,0,0,1
144709.6254,761.99,302.17,15.11,No,Yes,0,1,1
297282.1405,828.24,552.66,23.73,No,No,0,0,1
268485.508,1198.58,1100.73,40.7,No,No,0,0,1
405519.9775,1230.2,300.73,25.03,Yes,No,1,0,1
284755.1279,923.99,358.02,21.18,Yes,No,1,0,1
134294.5711,550.0,925.3,4.23,No,No,0,0,1
475486.5339,2192.52,172.13,23.18,Yes,No,1,0,1
245587.7622,1051.25,602.87,32.64,No,No,0,0,1
130244.3485,550.0,583.93,21.92,No,No,0,0,1
114655.3387,682.66,549.44,26.78,No,No,0,0,1
268895.1762,1793.47,373.72,28.07,No,No,0,0,1
225509.6491,550.0,113.65,35.26,No,Yes,0,1,1
210617.1296,1053.75,357.8,30.95,Yes,No,1,0,1
347152.0922,820.57,775.99,35.78,No,No,0,0,1
380750.5958,550.0,446.16,10.26,Yes,No,1,0,1
288465.6413,774.77,314.94,2.14,No,No,0,0,1
164691.2713,736.99,146.82,89.15,No,Yes,0,1,1
252533.7874,550.0,184.95,42.87,Yes,Yes,1,1,1
429661.366,1209.09,298.47,36.1,No,Yes,0,1,1
434904.4448,1267.34,487.7,13.3,No,No,0,0,1
180908.3476,1191.88,190.24,49.65,No,No,0,0,1
354541.3626,757.63,684.49,31.64,No,No,0,0,1
346701.7911,550.0,1101.59,8.8,No,No,0,0,1
244824.7969,1360.15,301.75,26.9,Yes,No,1,0,1
388144.7625,1439.93,1028.95,16.1,No,Yes,0,1,1
214425.1465,1302.39,565.9,45.1,No,Yes,0,1,1
286409.3475,561.83,722.94,24.49,Yes,No,1,0,1
225548.965,905.01,937.71,42.12,Yes,Yes,1,1,1
276838.4577,1763.24,784.76,52.44,No,No,0,0,1
138516.6529,912.71,203.05,0.13,No,No,0,0,1
428253.0977,1913.1,529.67,42.71,No,No,0,0,1
507185.9231,1307.56,539.92,53.27,No,No,0,0,1
166591.1252,673.11,812.29,67.46,No,Yes,0,1,1
204657.2539,550.0,239.34,50.25,No,No,0,0,1
151676.3925,550.0,405.75,48.02,Yes,No,1,0,1
304359.6145,550.0,20.54,44.59,Yes,Yes,1,1,1
177858.1949,550.0,31.71,61.33,No,No,0,0,1
384034.3736,1660.73,304.76,12.55,No,No,0,0,1
267840.791,1139.69,503.87,49.83,Yes,No,1,0,1
372007.9195,775.64,384.8,6.87,No,No,0,0,1
374368.3765,550.0,267.23,27.71,No,No,0,0,1
521028.8945,1626.92,72.4,21.31,No,No,0,0,1
262977.1506,915.19,716.4,34.5,No,No,0,0,1
339150.2321,1001.18,568.49,12.01,No,Yes,0,1,1
389062.31,733.04,145.4,42.67,Yes,Yes,1,1,1
342204.0772,1488.72,410.18,33.2,No,No,0,0,1
209318.0774,1291.88,898.43,25.63,No,No,0,0,1
316473.2471,936.15,239.11,42.81,No,Yes,0,1,1
301973.537,1330.07,735.41,42.3,No,Yes,0,1,1
113282.0931,1522.56,39.91,42.98,No,Yes,0,1,1
319491.2253,780.97,703.17,39.25,No,No,0,0,1
317614.7678,2525.19,668.77,24.62,Yes,No,1,0,1
196840.4434,1069.43,624.27,7.39,Yes,No,1,0,1
764946.4291,2161.12,169.74,31.7,Yes,No,1,0,1
553654.66,1306.01,351.62,27.31,No,No,0,0,1
173719.3748,550.0,420.08,32.44,No,No,0,0,1
597585.9219,1982.9,1014.98,8.82,Yes,No,1,0,1
113180.9897,763.62,307.43,25.33,No,No,0,0,1
106525.0623,550.0,466.41,10.11,No,Yes,0,1,1
564217.122,1968.46,159.66,18.22,No,No,0,0,1
336701.9686,2063.7,686.76,81.49,No,Yes,0,1,1
501365.3676,944.48,360.88,37.29,No,Yes,0,1,1
388050.4923,1578.91,733.34,32.98,No,No,0,0,1
204151.4319,1177.71,328.97,15.24,No,No,0,0,1
362007.6996,691.76,772.17,0.9,No,Yes,0,1,1
200617.6149,783.15,399.04,76.55,No,No,0,0,1
278794.3901,1136.23,634.95,54.97,No,No,0,0,1
486556.1798,903.0,968.45,59.96,No,No,0,0,1
174720.5016,843.49,567.61,30.17,Yes,Yes,1,1,1
100792.618,550.0,310.34,27.04,No,No,0,0,1
195620.7025,823.43,723.64,13.51,No,No,0,0,1
790443.2183,2131.78,496.6,33.99,No,No,0,0,1
326809.4335,888.61,190.48,8.0,No,No,0,0,1
206891.4973,764.69,437.33,35.88,No,No,0,0,1
375267.7952,1024.69,386.54,17.87,No,No,0,0,1
261564.5218,1004.4,101.47,42.66,Yes,No,1,0,1
393785.1708,1329.39,14.21,18.95,No,Yes,0,1,1
479621.8666,1303.74,119.26,6.59,No,Yes,0,1,1
678290.7408,2114.0,820.65,10.6,No,No,0,0,1
240714.5768,1437.55,249.77,35.51,No,No,0,0,1
149978.7022,675.68,345.13,13.41,No,Yes,0,1,1
311578.357,1288.28,461.43,22.43,Yes,No,1,0,1
606503.4716,2550.32,208.0,36.85,No,Yes,0,1,1
320987.044,944.88,766.44,34.71,No,No,0,0,1
133722.6083,550.0,739.1,53.78,No,No,0,0,1
107491.6315,935.74,94.36,34.86,No,No,0,0,1
233132.906,1044.95,1041.04,44.45,Yes,Yes,1,1,1
167051.6335,693.49,558.93,52.08,No,Yes,0,1,1
124550.5489,729.98,695.67,42.11,Yes,Yes,1,1,1
604141.8781,1380.8,647.68,7.25,No,No,0,0,1
508161.7436,1003.45,734.38,45.02,No,No,0,0,1
105428.4652,550.0,149.27,37.61,No,No,0,0,1
441196.76,1234.68,339.68,38.87,No,Yes,0,1,1
314277.9998,550.0,32.17,39.35,Yes,Yes,1,1,1
382139.7344,1097.56,272.05,28.62,No,No,0,0,1
363575.0038,797.3,797.95,42.4,Yes,Yes,1,1,1
119043.1142,1328.73,753.97,19.06,Yes,No,1,0,1
307138.8735,1005.4,382.25,2.75,Yes,No,1,0,1
424643.659,1431.14,642.51,52.27,No,Yes,0,1,1
321657.1943,1055.67,445.05,31.25,No,No,0,0,1
205930.3129,550.0,447.6,36.97,No,No,0,0,1
358070.9608,1572.85,543.34,62.4,No,No,0,0,1
384970.3986,746.67,834.86,10.4,No,Yes,0,1,1
498424.3949,1353.38,3.59,20.85,No,No,0,0,1
176632.1144,550.0,287.07,75.52,No,Yes,0,1,1
550696.1107,1414.69,828.03,35.25,Yes,Yes,1,1,1
138482.0027,625.26,721.89,25.69,No,No,0,0,1
323252.7729,632.87,366.7,40.08,No,No,0,0,1
374997.0191,994.94,507.81,35.25,Yes,No,1,0,1
293761.9376,888.27,101.71,58.76,No,Yes,0,1,1
366513.0724,1205.34,457.54,20.78,Yes,No,1,0,1
427688.4335,1438.94,298.56,37.04,No,No,0,0,1
262745.4824,793.69,446.42,34.47,No,Yes,0,1,1
467746.1389,1207.69,782.23,56.71,No,No,0,0,1
349752.9258,1067.29,107.05,63.03,No,No,0,0,1
171495.9481,812.21,443.47,12.23,Yes,Yes,1,1,1
414343.7851,1120.96,287.48,42.54,No,No,0,0,1
506658.1601,1356.12,573.66,31.77,No,No,0,0,1
140569.2476,550.0,13.71,23.83,No,No,0,0,1
249773.6916,1320.89,572.21,36.49,No,Yes,0,1,1
127717.4987,769.16,1520.56,5.43,Yes,Yes,1,1,1
116627.4035,919.69,875.66,6.51,No,No,0,0,1
113695.6907,692.41,1059.23,42.64,No,No,0,0,1
272577.9414,1244.03,711.89,32.26,No,No,0,0,1
255152.0647,919.36,584.2,7.15,Yes,Yes,1,1,1
139107.5279,1159.37,136.99,42.57,No,No,0,0,1
532855.9444,814.83,619.33,30.71,No,No,0,0,1
186119.9462,778.73,328.2,4.07,No,No,0,0,1
161850.87,550.0,431.24,20.6,No,No,0,0,1
803240.5875,1236.71,485.91,37.01,No,No,0,0,1
893278.6476,1927.22,321.12,1.8,No,No,0,0,1
220471.3335,1295.72,226.25,24.92,No,No,0,0,1
139812.5241,550.0,748.23,54.61,No,Yes,0,1,1
215469.7393,1429.28,167.92,11.73,No,No,0,0,1
204192.7232,1114.19,533.56,18.94,No,No,0,0,1
188010.3433,550.0,572.0,6.94,Yes,Yes,1,1,1
933485.5561,1674.82,1220.86,4.65,No,No,0,0,1
168127.408,550.0,559.69,19.08,Yes,No,1,0,1
110294.775,1007.21,363.11,5.86,No,No,0,0,1
189339.7203,1409.03,223.2,34.36,No,No,0,0,1
438473.4817,1032.01,402.07,16.69,Yes,No,1,0,1
556413.2707,1194.44,565.41,21.81,No,No,0,0,1
191792.6936,1396.28,178.94,50.85,Yes,No,1,0,1
122318.6077,550.0,628.14,10.55,No,No,0,0,1
123582.7738,1917.9,339.31,35.89,No,Yes,0,1,1
183177.725,759.17,303.47,23.92,Yes,No,1,0,1
355056.4582,550.0,474.12,60.17,Yes,No,1,0,1
233976.9709,771.76,1333.38,9.26,No,Yes,0,1,1
321069.5453,1351.18,477.29,15.57,No,No,0,0,1
462194.2771,1048.34,1239.55,39.38,No,No,0,0,1
174489.4337,1166.68,754.17,46.65,No,Yes,0,1,1
277318.8698,1821.56,478.89,41.12,No,No,0,0,1
545962.0806,1835.88,491.31,46.18,No,No,0,0,1
484526.5342,1682.91,362.53,8.53,Yes,No,1,0,1
320096.7017,1571.87,791.44,26.56,No,Yes,0,1,1
282289.0209,1183.2,662.46,36.73,No,Yes,0,1,1
164522.24,550.0,812.41,24.25,No,Yes,0,1,1
322811.1839,550.0,342.1,26.33,No,No,0,0,1
176999.8564,565.41,17.27,36.49,No,Yes,0,1,1
195394.9212,1018.91,154.35,60.65,No,Yes,0,1,1
792692.2739,1433.84,96.84,27.17,No,No,0,0,1
344358.9229,550.0,104.1,34.49,No,No,0,0,1
386890.8628,755.25,450.26,34.74,No,No,0,0,1
118652.161,954.8,637.42,5.65,No,Yes,0,1,1
479213.8492,1481.34,794.84,22.49,No,Yes,0,1,1
288933.766,1256.23,9.5,59.45,No,No,0,0,1
211407.4124,550.0,928.82,44.06,No,Yes,0,1,1
472890.0803,1791.87,412.07,25.56,No,Yes,0,1,1
374124.2146,1433.01,646.99,31.51,No,Yes,0,1,1
336706.1569,1146.1,372.7,9.97,No,No,0,0,1
392663.8886,1402.17,715.93,10.71,No,No,0,0,1
274752.55,1161.97,777.01,43.2,No,Yes,0,1,1
221693.1649,709.6,620.74,48.03,No,No,0,0,1
432576.2927,1313.78,915.09,34.65,No,No,0,0,1
139237.1177,605.01,474.55,43.92,No,No,0,0,1
329601.4479,1689.85,194.47,38.78,No,No,0,0,1
199969.075,1501.09,103.56,63.79,No,No,0,0,1
172557.2552,1115.34,321.06,32.43,Yes,Yes,1,1,1
939276.434,1810.08,438.51,1.85,No,Yes,0,1,1
150555.0477,550.0,687.31,43.21,Yes,Yes,1,1,1
387699.8519,1397.05,785.28,88.12,No,No,0,0,1
436042.4919,1618.91,94.16,57.82,No,Yes,0,1,1
354011.8775,1225.4,740.54,30.86,No,No,0,0,1
224003.9849,1452.7,58.99,40.47,No,Yes,0,1,1
308965.5601,1898.58,666.38,63.09,No,No,0,0,1
441105.0733,2167.29,119.79,11.64,No,Yes,0,1,1
183263.5271,550.0,546.45,27.57,No,No,0,0,1
461870.3293,1753.46,620.32,56.59,No,No,0,0,1
325140.5748,1297.26,524.32,21.06,No,Yes,0,1,1
446114.0807,890.0,235.71,64.25,Yes,No,1,0,1
241602.6037,1191.94,343.99,43.74,Yes,Yes,1,1,1
207975.2291,558.0,337.52,48.05,No,No,0,0,1
271942.7666,550.0,459.52,40.7,No,Yes,0,1,1
321821.2618,1186.8,800.46,49.64,Yes,Yes,1,1,1
478728.7203,972.33,516.19,39.7,Yes,Yes,1,1,1
350380.8319,1082.65,792.37,61.83,No,No,0,0,1
516902.3827,1654.8,136.9,4.76,No,No,0,0,1
305321.266,1199.97,736.36,49.02,No,No,0,0,1
312887.1419,1148.28,504.35,90.37,Yes,Yes,1,1,1
283571.5975,1724.22,488.82,41.67,No,Yes,0,1,1
209285.2461,550.0,586.95,62.88,No,No,0,0,1
170417.2644,812.41,357.7,21.58,No,No,0,0,1
400707.8397,1487.34,531.51,11.06,No,Yes,0,1,1
307377.3826,1068.87,1202.95,15.14,Yes,No,1,0,1
123038.9836,569.55,705.66,31.13,No,Yes,0,1,1
328263.1244,923.61,436.96,37.14,No,Yes,0,1,1
422216.4882,1519.25,355.87,35.03,Yes,No,1,0,1
150907.6334,810.68,620.52,7.27,Yes,Yes,1,1,1
422578.4358,1956.56,439.89,28.24,No,Yes,0,1,1
358034.3549,1166.46,520.05,68.26,No,Yes,0,1,1
225360.6897,1435.76,646.76,16.7,Yes,Yes,1,1,1
132976.4748,962.64,204.86,52.53,Yes,No,1,0,1
502261.871,1801.97,816.78,28.16,No,No,0,0,1
230091.0023,635.61,474.76,29.0,No,No,0,0,1
236275.3324,632.37,804.15,38.96,No,No,0,0,1
178729.4383,645.62,451.04,21.4,No,No,0,0,1
484487.3022,1888.4,506.26,36.52,Yes,Yes,1,1,1
283083.6431,762.97,778.49,63.01,Yes,No,1,0,1
445151.1716,1478.67,155.35,62.68,No,No,0,0,1
364840.3267,1556.62,906.76,68.38,Yes,No,1,0,1
476500.8692,1177.78,246.38,27.96,No,No,0,0,1
373180.0435,1009.88,1151.39,53.47,No,No,0,0,1
338005.573,1083.43,514.85,36.18,Yes,Yes,1,1,1
126945.9536,550.0,76.17,39.31,Yes,No,1,0,1
225754.0051,550.0,578.78,35.07,No,No,0,0,1
127257.9956,651.19,285.4,46.53,Yes,Yes,1,1,1
314770.5371,550.0,257.76,61.99,No,No,0,0,1
146346.0614,550.0,560.02,38.62,No,Yes,0,1,1
152547.8006,672.46,292.67,42.51,No,No,0,0,1
616912.2781,1772.17,479.68,21.26,Yes,Yes,1,1,1
247938.1754,588.65,577.26,24.47,No,Yes,0,1,1
149019.5725,714.95,437.41,17.09,Yes,Yes,1,1,1
127225.9931,601.72,651.21,47.53,No,No,0,0,1
413490.4371,1368.0,398.5,5.35,Yes,No,1,0,1
694486.5215,1872.27,591.54,45.7,No,Yes,0,1,1
251297.1141,1417.6,368.56,40.21,No,No,0,0,1
626317.161,760.03,591.83,0.98,No,No,0,0,1
160221.4031,793.3,648.22,16.36,No,No,0,0,1
276244.1398,570.62,215.78,46.15,No,No,0,0,1
290923.8511,1204.83,286.99,38.48,No,Yes,0,1,1
332966.1628,1626.51,486.98,9.16,No,Yes,0,1,1
233490.1751,634.09,939.24,14.49,No,No,0,0,1
283536.741,550.0,912.6,19.93,No,No,0,0,1
552338.3594,1226.31,214.73,5.54,No,No,0,0,1
315298.5475,1245.13,169.52,57.22,No,No,0,0,1
138710.3964,550.0,212.42,37.86,No,No,0,0,1
179323.0848,855.93,946.67,34.96,No,Yes,0,1,1
153827.7845,550.0,714.45,39.13,Yes,Yes,1,1,1
182212.9644,550.0,21.78,53.89,Yes,No,1,0,1
302869.711,1720.35,572.07,5.05,No,No,0,0,1
293923.001,1322.13,438.24,39.86,No,No,0,0,1
105508.9037,732.31,617.27,37.07,No,Yes,0,1,1
394288.3338,1191.59,324.28,45.84,No,Yes,0,1,1
161052.3668,550.0,397.94,10.59,No,No,0,0,1
476432.9727,997.28,644.48,25.04,No,No,0,0,1
249996.4094,2061.01,609.15,6.65,No,No,0,0,1
224714.8667,550.0,266.08,25.89,No,Yes,0,1,1
357344.5766,550.0,961.83,21.95,No,No,0,0,1
134893.7547,854.43,751.82,13.6,No,No,0,0,1
545669.8696,1504.98,681.11,55.41,Yes,No,1,0,1
385316.8073,1277.53,826.49,17.07,No,No,0,0,1
671953.585,1967.39,297.81,23.46,No,No,0,0,1
138517.8481,550.0,867.99,45.08,No,No,0,0,1
142846.5424,602.01,785.1,76.02,No,No,0,0,1
353135.7331,1296.17,737.3,28.4,No,No,0,0,1
258489.1512,1136.09,845.61,20.2,Yes,Yes,1,1,1
1045707.039,2526.53,700.53,52.71,Yes,Yes,1,1,1
144597.4335,550.0,859.24,34.43,No,No,0,0,1
323227.9855,882.68,351.27,23.34,No,No,0,0,1
299791.0386,1358.08,524.26,4.39,No,No,0,0,1
163072.4876,682.34,232.87,40.19,No,No,0,0,1
575720.6344,679.89,124.47,22.76,No,No,0,0,1
210775.7641,1413.7,148.98,18.53,No,Yes,0,1,1
351914.018,1520.43,659.84,37.87,No,Yes,0,1,1
295165.8876,1773.82,1098.59,35.99,No,No,0,0,1
102952.0441,1688.74,108.4,43.37,Yes,No,1,0,1
380952.6277,1271.07,1200.19,2.22,Yes,No,1,0,1
220430.4193,1127.92,586.47,28.67,No,Yes,0,1,1
314192.9593,812.22,179.27,41.32,No,No,0,0,1
129930.7731,550.0,827.99,37.23,Yes,Yes,1,1,1
470665.0211,1364.59,89.46,39.6,No,Yes,0,1,1
344229.169,550.0,218.95,53.36,No,No,0,0,1
369719.7828,836.53,668.59,27.08,No,No,0,0,1
323996.8858,1397.88,316.94,29.82,Yes,No,1,0,1
450776.8544,682.85,439.58,51.19,No,No,0,0,1
315108.9475,550.0,56.44,11.19,No,Yes,0,1,1
214544.3699,1108.17,599.08,34.18,No,No,0,0,1
328123.2611,903.59,341.22,14.71,No,No,0,0,1
398962.6882,829.74,740.29,7.17,No,No,0,0,1
557414.8766,1619.25,487.47,35.75,Yes,No,1,0,1
108553.5522,795.4,893.35,4.32,No,Yes,0,1,1
123788.0536,923.3,801.72,30.9,No,No,0,0,1
166949.991,1209.1,587.38,69.02,No,Yes,0,1,1
767631.1509,619.77,626.35,15.18,No,No,0,0,1
771435.436,1035.22,387.71,19.58,No,No,0,0,1
234312.0381,1508.28,323.23,32.39,Yes,No,1,0,1
260609.8094,1161.75,927.64,16.95,No,No,0,0,1
819202.2259,1820.84,561.21,29.79,No,Yes,0,1,1
218158.7308,1063.97,791.99,13.57,No,Yes,0,1,1
415189.7194,550.0,531.24,51.66,No,No,0,0,1
158717.4633,550.0,574.77,42.01,No,No,0,0,1
115969.8443,857.34,346.52,32.1,Yes,No,1,0,1
305326.2732,723.81,240.35,39.84,No,No,0,0,1
386431.0385,805.83,102.44,32.2,No,No,0,0,1
296393.2571,946.91,466.77,4.88,No,No,0,0,1
283615.4031,1734.6,673.13,35.29,No,Yes,0,1,1
615051.4825,1735.95,1103.33,7.99,No,Yes,0,1,1
261685.8617,879.07,239.51,15.38,Yes,No,1,0,1
227843.7879,953.78,360.56,26.11,No,No,0,0,1
167488.2899,550.0,255.02,5.94,Yes,No,1,0,1
332048.7969,666.65,110.8,4.65,Yes,Yes,1,1,1
364516.1464,1058.63,595.41,36.07,No,No,0,0,1
273089.5777,936.61,840.64,23.1,Yes,Yes,1,1,1
148261.471,1064.61,401.68,7.05,No,Yes,0,1,1
373177.5445,583.03,432.66,50.65,No,Yes,0,1,1
511642.3973,1840.83,409.58,20.31,No,No,0,0,1
225821.6334,1187.21,566.0,20.93,Yes,No,1,0,1
465002.1668,2191.53,721.93,41.0,No,No,0,0,1
407863.0369,1328.21,395.87,57.26,No,No,0,0,1
224104.3,1004.24,1070.43,42.02,No,Yes,0,1,1
164510.3087,579.63,995.91,31.44,No,No,0,0,1
421138.8424,1565.15,647.98,25.19,No,No,0,0,1
129802.1433,550.0,571.2,14.35,No,No,0,0,1
429324.1729,639.35,855.37,48.65,No,No,0,0,1
282579.157,1161.83,911.19,13.47,No,No,0,0,1
364752.9646,1647.67,380.61,12.86,No,Yes,0,1,1
457562.5261,1761.42,1312.51,34.64,No,No,0,0,1
146875.153,977.51,1144.03,22.86,No,No,0,0,1
377781.3912,550.89,174.12,7.71,No,No,0,0,1
393907.9357,550.0,266.97,23.76,No,No,0,0,1
252802.4056,1214.95,343.64,12.32,No,No,0,0,1
112541.3418,573.23,111.84,60.39,Yes,Yes,1,1,1
219950.3383,1270.45,622.96,46.96,No,No,0,0,1
184006.5948,550.0,780.96,30.0,No,Yes,0,1,1
369834.2411,1903.44,713.63,26.04,Yes,No,1,0,1
104392.3698,550.0,316.35,24.44,No,Yes,0,1,1
276095.139,1176.45,637.57,30.14,No,Yes,0,1,1
228139.8188,682.98,1013.88,33.14,No,No,0,0,1
323535.7209,674.28,718.13,3.19,Yes,Yes,1,1,1
105444.823,755.33,645.2,41.03,Yes,No,1,0,1
420325.6531,1091.16,989.68,30.23,No,No,0,0,1
167211.8767,869.17,46.42,7.62,No,No,0,0,1
134865.951,550.0,932.59,51.75,No,No,0,0,1
103851.1588,550.0,365.11,52.25,No,No,0,0,1
606667.6084,1346.52,495.15,48.47,No,No,0,0,1
668770.8501,1860.6,554.25,45.16,No,No,0,0,1
129552.4041,1039.42,886.9,45.63,No,Yes,0,1,1
189599.5983,931.48,441.0,23.97,No,No,0,0,1
210757.905,1587.62,537.51,27.16,No,No,0,0,1
166006.2892,869.37,998.29,61.37,No,No,0,0,1
225922.8165,550.0,834.41,35.69,No,No,0,0,1
264253.4463,964.89,514.23,49.67,No,Yes,0,1,1
162277.0033,835.93,498.89,34.48,No,No,0,0,1
164222.1711,550.0,403.71,30.92,Yes,No,1,0,1
221526.5807,880.36,412.94,37.26,Yes,No,1,0,1
306098.3293,663.07,484.75,2.37,No,No,0,0,1
355201.9424,722.72,727.14,67.67,No,Yes,0,1,1
100954.0932,550.0,641.79,62.0,No,Yes,0,1,1
278577.1969,1696.31,419.32,48.69,No,Yes,0,1,1
144028.1652,550.0,320.93,41.06,No,Yes,0,1,1
463281.4699,1061.65,1117.28,18.35,No,Yes,0,1,1
372486.1554,1866.18,1059.36,41.54,No,No,0,0,1
220567.8738,1056.4,474.16,44.32,No,No,0,0,1
264959.3866,1053.69,313.56,19.43,No,No,0,0,1
107694.0092,790.99,923.93,23.69,No,No,0,0,1
186234.3612,1215.85,608.76,27.22,Yes,No,1,0,1
531131.86,1627.88,715.12,42.88,No,Yes,0,1,1
185710.7023,550.0,704.2,10.5,No,No,0,0,1
263236.7492,1255.62,147.68,1.34,No,No,0,0,1
138889.0292,956.85,517.38,8.61,No,No,0,0,1
271802.8822,1811.78,491.15,3.73,No,No,0,0,1
117990.6467,998.58,667.16,27.23,No,No,0,0,1
174333.5708,550.0,273.57,16.48,Yes,No,1,0,1
202014.9337,661.64,703.67,36.01,No,Yes,0,1,1
170246.3256,1408.21,449.96,46.21,Yes,No,1,0,1
246864.7171,1204.82,124.28,33.08,Yes,No,1,0,1
185486.3727,843.94,687.64,0.18,No,No,0,0,1
211645.67,550.0,637.98,99.73,Yes,No,1,0,1
323956.1211,1067.19,186.29,53.0,No,No,0,0,1
372714.9939,594.62,253.14,45.63,No,Yes,0,1,1
312135.2372,1019.73,577.71,15.02,No,No,0,0,1
237931.6911,1103.49,1027.16,9.82,No,Yes,0,1,1
303540.4506,1084.89,118.5,35.82,No,No,0,0,1
208085.2943,1434.69,566.34,54.15,No,Yes,0,1,1
619955.3462,1924.04,306.9,37.2,No,No,0,0,1
340659.8218,1190.85,1137.73,30.75,No,No,0,0,1
316375.6638,713.02,873.93,35.1,Yes,No,1,0,1
249787.5681,888.39,735.31,29.2,No,Yes,0,1,1
446605.6897,821.75,843.05,4.28,Yes,Yes,1,1,1
302024.3159,1262.48,243.41,70.45,No,No,0,0,1
144090.8028,550.0,299.09,64.47,Yes,No,1,0,1
214337.2408,693.88,778.81,24.98,No,No,0,0,1
276251.1461,1266.86,420.43,4.4,No,No,0,0,1
111227.1716,607.24,516.29,19.77,No,Yes,0,1,1
151921.942,1294.53,675.07,49.3,No,No,0,0,1
234106.633,1408.17,104.69,51.51,No,No,0,0,1
264591.9065,1053.27,692.48,53.09,No,No,0,0,1
523016.3934,1400.63,518.03,11.54,No,No,0,0,1
313547.4323,1435.79,122.81,33.29,No,Yes,0,1,1
340434.0506,851.21,256.07,28.03,No,No,0,0,1
345571.5265,777.23,355.11,18.41,No,Yes,0,1,1
267888.0566,968.6,625.87,45.22,Yes,No,1,0,1
351705.5407,1084.84,644.13,43.47,No,No,0,0,1
363769.477,1341.95,563.23,20.14,No,No,0,0,1
147724.0952,742.07,865.78,43.01,No,Yes,0,1,1
412837.757,1439.53,153.92,17.84,No,No,0,0,1
306626.4858,974.69,1009.17,47.28,Yes,No,1,0,1
709042.0325,1843.76,378.68,23.49,No,Yes,0,1,1
296943.6869,550.0,396.22,51.98,Yes,No,1,0,1
218772.4229,1362.68,820.32,17.28,No,No,0,0,1
